PhaseView,Run,Trial,Key,Time,Location,Direction,MazeType,Diamonds,WallBumped
1,1,1,2,3.106985,3 4,North,1,0,0
1,1,1,2,4.098895,2 4,North,1,0,0
1,1,1,4,4.721127,3 4,North,1,0,0
1,1,1,1,6.309358,3 4,North,1,0,0
1,1,1,2,7.280979,2 4,North,1,0,0
1,1,1,1,8.197232,2 3,North,1,0,0
1,1,1,4,9.420122,3 3,North,1,0,0
1,1,1,2,10.05104,2 3,North,1,0,0
1,1,1,1,20.35081,2 2,North,1,0,0
1,1,1,1,20.88046,2 1,North,1,0,0
1,1,1,2,21.59825,1 1,North,1,0,0
1,1,1,1,22.8464,1 0,North,1,0,0
1,1,1,4,23.85578,2 0,North,1,0,0
1,1,1,6,24.22,2 0,North,1,1,0
1,1,1,2,30.65895,1 0,North,1,1,0
1,1,1,3,33.07319,1 1,North,1,1,0
1,1,1,4,33.76613,2 1,North,1,1,0
1,1,1,3,34.62384,2 2,North,1,1,0
1,1,1,4,47.79745,3 2,North,1,1,0
1,1,1,6,48.16,3 2,North,1,2,0
1,1,1,2,56.71918,2 2,North,1,2,0
1,1,1,3,57.53929,2 3,North,1,2,0
1,1,1,3,59.4581,2 4,North,1,2,0
1,1,1,6,59.86,2 4,North,1,3,0
1,1,1,1,68.97215,2 3,North,1,3,0
1,1,1,1,69.98273,2 2,North,1,3,0
1,1,1,1,70.86392,2 1,North,1,3,0
1,1,1,2,83.53597,1 1,North,1,3,0
1,1,1,6,83.92,1 1,North,1,4,0
1,1,1,4,85.54063,2 1,North,1,4,0
1,1,1,3,86.93172,2 2,North,1,4,0
1,1,1,3,88.29371,2 3,North,1,4,0
1,1,1,4,89.21992,3 3,North,1,4,0
1,1,1,6,89.57999,3 3,North,1,5,0
1,1,1,2,108.6734,2 3,North,1,5,0
1,1,1,3,109.517,2 4,North,1,5,0
1,1,1,2,111.2341,1 4,North,1,5,0
1,1,1,2,111.8099,0 4,North,1,5,0
1,1,1,6,112.2,0 4,North,1,6,0
1,1,1,4,114.1267,1 4,North,1,6,0
1,1,1,4,114.9771,2 4,North,1,6,0
1,1,1,1,115.6991,2 3,North,1,6,0
1,1,1,6,116.1,2 3,North,1,7,0
1,1,1,3,131.1368,2 4,North,1,7,0
1,1,1,2,131.7744,1 4,North,1,7,0
1,1,1,2,132.6269,0 4,North,1,7,0
1,1,1,1,147.4444,0 3,North,1,7,0
1,1,1,6,147.84,0 3,North,1,8,0
2,1,1,1,156.9284,4 4,West,1,0,0
2,1,1,2,159.1653,4 3,West,1,0,0
2,1,1,3,166.4181,4 3,North,1,0,0
2,1,1,2,167.4876,3 3,North,1,0,0
2,1,1,2,168.4701,2 3,North,1,0,0
2,1,1,1,169.2365,2 3,West,1,0,0
2,1,1,2,170.1249,2 2,West,1,0,0
2,1,1,2,171.0579,2 1,West,1,0,0
2,1,1,3,171.7094,2 1,North,1,0,0
2,1,1,2,172.334,1 1,North,1,0,0
2,1,1,6,172.72,1 1,North,1,1,0
2,1,1,3,174.0375,1 1,East,1,1,0
2,1,1,3,174.6066,1 1,South,1,1,0
2,1,1,2,175.702,2 1,South,1,1,0
2,1,1,1,176.5185,2 1,East,1,1,0
2,1,1,2,178.98,2 2,East,1,1,0
2,1,1,3,179.5876,2 2,South,1,1,0
2,1,1,2,180.3097,3 2,South,1,1,0
2,1,1,1,180.8635,3 2,East,1,1,0
2,1,1,2,181.5168,3 3,East,1,1,0
2,1,1,6,181.94,3 3,East,1,2,0
2,1,1,1,182.8159,3 3,North,1,2,0
2,1,1,1,188.3339,3 3,West,1,2,0
2,1,1,2,189.1564,3 2,West,1,2,0
2,1,1,3,189.8549,3 2,North,1,2,0
2,1,1,2,190.6578,2 2,North,1,2,0
2,1,1,3,191.8919,2 2,East,1,2,0
2,1,1,2,192.8866,2 3,East,1,2,0
2,1,1,1,193.6369,2 3,North,1,2,0
2,1,1,2,198.9613,1 3,North,1,2,0
2,1,1,3,199.9015,1 3,East,1,2,0
2,1,1,2,201.0543,1 3,East,1,2,1
2,1,1,1,201.8245,1 3,North,1,2,1
2,1,1,2,203.2679,1 3,North,1,2,2
2,1,1,1,203.9261,1 3,West,1,2,2
2,1,1,2,204.7679,1 3,West,1,2,3
2,1,1,1,205.7625,1 3,South,1,2,3
2,1,1,2,207.8559,2 3,South,1,2,3
2,1,1,1,209.8942,2 3,East,1,2,3
2,1,1,1,211.0086,2 3,North,1,2,3
2,1,1,3,215.333,2 3,East,1,2,3
2,1,1,2,216.6283,2 4,East,1,2,3
2,1,1,1,217.46,2 4,North,1,2,3
2,1,1,2,218.3687,1 4,North,1,2,3
2,1,1,2,219.2541,0 4,North,1,2,3
2,1,1,6,219.62,0 4,North,1,3,3
2,1,1,1,220.3085,0 4,West,1,3,3
2,1,1,1,221.103,0 4,South,1,3,3
2,1,1,2,222.2294,1 4,South,1,3,3
2,1,1,2,222.839,2 4,South,1,3,3
2,1,1,3,223.3593,2 4,West,1,3,3
2,1,1,2,224.2616,2 3,West,1,3,3
2,1,1,6,224.68,2 3,West,1,4,3
2,1,1,2,225.8244,2 2,West,1,4,3
2,1,1,2,226.6283,2 1,West,1,4,3
2,1,1,3,227.5376,2 1,North,1,4,3
2,1,1,2,233.1867,1 1,North,1,4,3
2,1,1,2,236.4129,0 1,North,1,4,3
2,1,1,1,237.2284,0 1,West,1,4,3
2,1,1,2,237.9996,0 0,West,1,4,3
2,1,1,6,238.4,0 0,West,1,5,3
2,1,1,1,238.768,0 0,South,1,5,3
2,1,1,1,239.3257,0 0,East,1,5,3
2,1,1,2,240.4812,0 1,East,1,5,3
2,1,1,2,243.9532,0 1,East,1,5,4
2,1,1,3,244.4624,0 1,South,1,5,4
2,1,1,2,245.0565,1 1,South,1,5,4
2,1,1,1,245.8397,1 1,East,1,5,4
2,1,1,2,246.4836,1 2,East,1,5,4
2,1,1,6,246.9,1 2,East,1,6,4
2,1,1,3,247.3322,1 2,South,1,6,4
2,1,1,2,248.5959,1 2,South,1,6,5
2,1,1,3,249.5376,1 2,West,1,6,5
2,1,1,2,253.5704,1 1,West,1,6,5
2,1,1,1,254.2419,1 1,South,1,6,5
2,1,1,2,255.3784,2 1,South,1,6,5
2,1,1,1,256.1954,2 1,East,1,6,5
2,1,1,2,257.2357,2 2,East,1,6,5
2,1,1,3,257.9904,2 2,South,1,6,5
2,1,1,2,258.8311,3 2,South,1,6,5
2,1,1,1,262.6447,3 2,East,1,6,5
2,1,1,2,263.3466,3 3,East,1,6,5
2,1,1,3,263.9571,3 3,South,1,6,5
2,1,1,2,264.61,4 3,South,1,6,5
2,1,1,6,264.98,4 3,South,1,7,5
2,1,1,3,265.5518,4 3,West,1,7,5
2,1,1,3,266.3821,4 3,North,1,7,5
2,1,1,3,266.9629,4 3,East,1,7,5
2,1,1,1,267.9728,4 3,North,1,7,5
2,1,1,3,270.021,4 3,East,1,7,5
2,1,1,1,270.8638,4 3,North,1,7,5
2,1,1,2,271.6508,3 3,North,1,7,5
2,1,1,2,272.4645,2 3,North,1,7,5
2,1,1,3,273.2682,2 3,East,1,7,5
2,1,1,2,273.971,2 4,East,1,7,5
2,1,1,1,274.5477,2 4,North,1,7,5
2,1,1,2,275.2014,1 4,North,1,7,5
2,1,1,6,275.58,1 4,North,1,8,5
1,1,2,1,297.2678,4 3,North,1,0,5
1,1,2,2,298.0839,3 3,North,1,0,5
1,1,2,2,299.058,2 3,North,1,0,5
1,1,2,4,300.7074,3 3,North,1,0,5
1,1,2,4,301.2658,4 3,North,1,0,5
1,1,2,3,301.8755,4 4,North,1,0,5
1,1,2,1,302.7193,4 3,North,1,0,5
1,1,2,2,303.2488,3 3,North,1,0,5
1,1,2,2,304.1103,2 3,North,1,0,5
1,1,2,1,304.7184,2 2,North,1,0,5
1,1,2,1,305.6182,2 1,North,1,0,5
1,1,2,4,306.2735,3 1,North,1,0,5
1,1,2,6,306.64,3 1,North,1,1,5
1,1,2,2,336.1927,2 1,North,1,1,5
1,1,2,2,337.0563,1 1,North,1,1,5
1,1,2,1,337.7482,1 0,North,1,1,5
1,1,2,6,338.14,1 0,North,1,2,5
1,1,2,3,362.5924,1 1,North,1,2,5
1,1,2,4,363.3112,2 1,North,1,2,5
1,1,2,3,365.7612,2 2,North,1,2,5
1,1,2,3,366.5909,2 3,North,1,2,5
1,1,2,3,368.9642,2 4,North,1,2,5
1,1,2,4,374.1483,3 4,North,1,2,5
1,1,2,6,374.52,3 4,North,1,3,5
1,1,2,2,389.1708,2 4,North,1,3,5
1,1,2,1,389.9724,2 3,North,1,3,5
1,1,2,1,390.8836,2 2,North,1,3,5
1,1,2,1,391.8849,2 1,North,1,3,5
1,1,2,2,393.0779,1 1,North,1,3,5
1,1,2,2,394.7818,0 1,North,1,3,5
1,1,2,6,395.16,0 1,North,1,4,5
1,1,2,4,401.7117,1 1,North,1,4,5
1,1,2,3,402.5639,1 2,North,1,4,5
1,1,2,6,402.96,1 2,North,1,5,5
1,1,2,1,405.1334,1 1,North,1,5,5
1,1,2,4,408.0959,2 1,North,1,5,5
1,1,2,3,408.911,2 2,North,1,5,5
1,1,2,4,409.4678,3 2,North,1,5,5
1,1,2,2,410.7711,2 2,North,1,5,5
1,1,2,3,418.9254,2 3,North,1,5,5
1,1,2,4,419.8251,3 3,North,1,5,5
1,1,2,4,420.6721,4 3,North,1,5,5
1,1,2,6,421.04,4 3,North,1,6,5
1,1,2,2,425.3126,3 3,North,1,6,5
1,1,2,2,426.2291,2 3,North,1,6,5
1,1,2,3,427.0429,2 4,North,1,6,5
1,1,2,2,427.8587,1 4,North,1,6,5
1,1,2,2,428.5114,0 4,North,1,6,5
1,1,2,1,429.5815,0 3,North,1,6,5
1,1,2,1,432.6853,0 2,North,1,6,5
1,1,2,6,433.1,0 2,North,1,7,5
1,1,2,3,434.4948,0 3,North,1,7,5
1,1,2,3,435.518,0 4,North,1,7,5
1,1,2,4,442.4298,1 4,North,1,7,5
1,1,2,4,443.1705,2 4,North,1,7,5
1,1,2,1,443.9159,2 3,North,1,7,5
1,1,2,4,444.4673,3 3,North,1,7,5
1,1,2,4,445.3781,4 3,North,1,7,5
1,1,2,1,518.2427,4 2,North,1,7,5
1,1,2,6,518.66,4 2,North,1,8,5
2,1,2,1,522.7654,4 4,West,1,0,0
2,1,2,3,524.8336,4 4,North,1,0,0
2,1,2,1,525.6652,4 4,West,1,0,0
2,1,2,2,526.4823,4 3,West,1,0,0
2,1,2,3,527.8417,4 3,North,1,0,0
2,1,2,2,529.3457,3 3,North,1,0,0
2,1,2,2,530.1597,2 3,North,1,0,0
2,1,2,1,530.7095,2 3,West,1,0,0
2,1,2,2,531.7159,2 2,West,1,0,0
2,1,2,2,532.3395,2 1,West,1,0,0
2,1,2,3,534.0375,2 1,North,1,0,0
2,1,2,2,534.9415,1 1,North,1,0,0
2,1,2,1,535.5533,1 1,West,1,0,0
2,1,2,2,536.2254,1 0,West,1,0,0
2,1,2,6,536.64,1 0,West,1,1,0
2,1,2,1,538.241,1 0,South,1,1,0
2,1,2,1,538.8848,1 0,East,1,1,0
2,1,2,2,539.7447,1 1,East,1,1,0
2,1,2,3,541.2195,1 1,South,1,1,0
2,1,2,1,542.5178,1 1,East,1,1,0
2,1,2,2,543.439,1 2,East,1,1,0
2,1,2,3,544.3218,1 2,South,1,1,0
2,1,2,2,545.1323,1 2,South,1,1,1
2,1,2,3,545.7559,1 2,West,1,1,1
2,1,2,2,546.4617,1 1,West,1,1,1
2,1,2,1,547.3011,1 1,South,1,1,1
2,1,2,2,548.4326,2 1,South,1,1,1
2,1,2,2,549.5698,3 1,South,1,1,1
2,1,2,1,550.3992,3 1,East,1,1,1
2,1,2,2,551.1373,3 1,East,1,1,2
2,1,2,1,552.6697,3 1,North,1,1,2
2,1,2,2,553.4725,2 1,North,1,1,2
2,1,2,3,554.207,2 1,East,1,1,2
2,1,2,2,554.9623,2 2,East,1,1,2
2,1,2,3,555.5977,2 2,South,1,1,2
2,1,2,2,556.5654,3 2,South,1,1,2
2,1,2,2,557.5186,4 2,South,1,1,2
2,1,2,6,557.9,4 2,South,1,2,2
2,1,2,1,558.4605,4 2,East,1,2,2
2,1,2,1,559.31,4 2,North,1,2,2
2,1,2,1,559.8893,4 2,West,1,2,2
2,1,2,3,560.4197,4 2,North,1,2,2
2,1,2,2,561.0864,3 2,North,1,2,2
2,1,2,2,561.7199,2 2,North,1,2,2
2,1,2,1,566.3347,2 2,West,1,2,2
2,1,2,2,567.9064,2 1,West,1,2,2
2,1,2,3,568.547,2 1,North,1,2,2
2,1,2,2,569.5701,1 1,North,1,2,2
2,1,2,2,570.3981,0 1,North,1,2,2
2,1,2,6,570.78,0 1,North,1,3,2
2,1,2,3,571.3792,0 1,East,1,3,2
2,1,2,3,572.0203,0 1,South,1,3,2
2,1,2,2,572.8056,1 1,South,1,3,2
2,1,2,2,573.3646,2 1,South,1,3,2
2,1,2,1,574.0024,2 1,East,1,3,2
2,1,2,2,574.6364,2 2,East,1,3,2
2,1,2,2,579.7149,2 3,East,1,3,2
2,1,2,3,580.5625,2 3,South,1,3,2
2,1,2,1,581.2166,2 3,East,1,3,2
2,1,2,2,582.0648,2 4,East,1,3,2
2,1,2,3,582.6411,2 4,South,1,3,2
2,1,2,2,583.2057,3 4,South,1,3,2
2,1,2,6,583.58,3 4,South,1,4,2
2,1,2,3,584.6292,3 4,West,1,4,2
2,1,2,3,585.2141,3 4,North,1,4,2
2,1,2,3,586.1583,3 4,East,1,4,2
2,1,2,3,586.8152,3 4,South,1,4,2
2,1,2,3,587.6185,3 4,West,1,4,2
2,1,2,3,588.4838,3 4,North,1,4,2
2,1,2,1,594.6613,3 4,West,1,4,2
2,1,2,3,596.0502,3 4,North,1,4,2
2,1,2,2,596.8008,2 4,North,1,4,2
2,1,2,1,597.4257,2 4,West,1,4,2
2,1,2,2,598.3238,2 3,West,1,4,2
2,1,2,3,598.9487,2 3,North,1,4,2
2,1,2,2,599.662,1 3,North,1,4,2
2,1,2,6,600.04,1 3,North,1,5,2
2,1,2,1,600.8359,1 3,West,1,5,2
2,1,2,1,601.7263,1 3,South,1,5,2
2,1,2,2,602.881,2 3,South,1,5,2
2,1,2,1,603.5165,2 3,East,1,5,2
2,1,2,2,604.4144,2 4,East,1,5,2
2,1,2,6,604.82,2 4,East,1,6,2
2,1,2,3,605.2286,2 4,South,1,6,2
2,1,2,3,605.8087,2 4,West,1,6,2
2,1,2,2,607.3746,2 3,West,1,6,2
2,1,2,1,608.8036,2 3,South,1,6,2
2,1,2,3,609.9593,2 3,West,1,6,2
2,1,2,2,610.7661,2 2,West,1,6,2
2,1,2,2,611.8114,2 1,West,1,6,2
2,1,2,1,612.5569,2 1,South,1,6,2
2,1,2,2,614.9258,3 1,South,1,6,2
2,1,2,3,615.5189,3 1,West,1,6,2
2,1,2,2,616.2377,3 0,West,1,6,2
2,1,2,6,616.64,3 0,West,1,7,2
2,1,2,3,617.0624,3 0,North,1,7,2
2,1,2,3,617.8702,3 0,East,1,7,2
2,1,2,2,618.6229,3 1,East,1,7,2
2,1,2,6,619.04,3 1,East,1,8,2
1,1,3,2,630.1624,3 4,North,1,0,2
1,1,3,2,631.0995,2 4,North,1,0,2
1,1,3,1,631.7626,2 3,North,1,0,2
1,1,3,2,632.4448,1 3,North,1,0,2
1,1,3,6,632.82,1 3,North,1,1,2
1,1,3,4,633.1972,2 3,North,1,1,2
1,1,3,1,633.9663,2 2,North,1,1,2
1,1,3,1,634.7239,2 1,North,1,1,2
1,1,3,2,660.9591,1 1,North,1,1,2
1,1,3,2,661.5839,0 1,North,1,1,2
1,1,3,1,662.1344,0 0,North,1,1,2
1,1,3,6,662.54,0 0,North,1,2,2
1,1,3,3,662.896,0 1,North,1,2,2
1,1,3,4,663.4283,1 1,North,1,2,2
1,1,3,4,664.093,2 1,North,1,2,2
1,1,3,3,664.8358,2 2,North,1,2,2
1,1,3,4,665.8599,3 2,North,1,2,2
1,1,3,4,678.3518,4 2,North,1,2,2
1,1,3,1,679.5377,4 1,North,1,2,2
1,1,3,6,679.94,4 1,North,1,3,2
1,1,3,3,680.561,4 2,North,1,3,2
1,1,3,3,681.12,4 3,North,1,3,2
1,1,3,3,681.63,4 4,North,1,3,2
1,1,3,2,682.4337,3 4,North,1,3,2
1,1,3,2,683.231,2 4,North,1,3,2
1,1,3,2,727.187,1 4,North,1,3,2
1,1,3,6,727.56,1 4,North,1,4,2
1,1,3,4,728.206,2 4,North,1,4,2
1,1,3,1,728.733,2 3,North,1,4,2
1,1,3,1,729.2934,2 2,North,1,4,2
1,1,3,1,730.1314,2 1,North,1,4,2
1,1,3,4,730.7529,3 1,North,1,4,2
1,1,3,1,731.4202,3 0,North,1,4,2
1,1,3,6,731.84,3 0,North,1,5,2
1,1,3,3,732.3017,3 1,North,1,5,2
1,1,3,2,732.9907,2 1,North,1,5,2
1,1,3,3,733.6504,2 2,North,1,5,2
1,1,3,6,734.06,2 2,North,1,6,2
1,1,3,4,734.3527,3 2,North,1,6,2
1,1,3,2,734.965,2 2,North,1,6,2
1,1,3,1,735.5683,2 1,North,1,6,2
1,1,3,4,736.1887,3 1,North,1,6,2
1,1,3,1,736.8784,3 0,North,1,6,2
1,1,3,4,737.7556,4 0,North,1,6,2
1,1,3,6,738.12,4 0,North,1,7,2
1,1,3,2,738.6716,3 0,North,1,7,2
1,1,3,3,739.4059,3 1,North,1,7,2
1,1,3,2,826.2083,2 1,North,1,7,2
1,1,3,6,826.58,2 1,North,1,8,2
2,1,3,3,832.9018,4 4,East,1,0,0
2,1,3,1,833.8685,4 4,North,1,0,0
2,1,3,1,835.1544,4 4,West,1,0,0
2,1,3,2,837.632,4 3,West,1,0,0
2,1,3,2,838.718,4 2,West,1,0,0
2,1,3,3,839.3248,4 2,North,1,0,0
2,1,3,2,840.3879,3 2,North,1,0,0
2,1,3,2,841.0696,2 2,North,1,0,0
2,1,3,6,841.44,2 2,North,1,1,0
2,1,3,1,841.9882,2 2,West,1,1,0
2,1,3,1,842.5292,2 2,South,1,1,0
2,1,3,3,843.871,2 2,West,1,1,0
2,1,3,1,848.5754,2 2,South,1,1,0
2,1,3,3,850.7587,2 2,West,1,1,0
2,1,3,1,857.4928,2 2,South,1,1,0
2,1,3,2,858.1489,3 2,South,1,1,0
2,1,3,3,859.3976,3 2,West,1,1,0
2,1,3,2,860.2147,3 2,West,1,1,1
2,1,3,3,860.8156,3 2,North,1,1,1
2,1,3,2,861.5394,2 2,North,1,1,1
2,1,3,1,862.4187,2 2,West,1,1,1
2,1,3,2,864.5434,2 1,West,1,1,1
2,1,3,1,866.2053,2 1,South,1,1,1
2,1,3,2,867.0594,3 1,South,1,1,1
2,1,3,3,867.7786,3 1,West,1,1,1
2,1,3,2,868.4786,3 0,West,1,1,1
2,1,3,1,869.1052,3 0,South,1,1,1
2,1,3,2,869.8358,4 0,South,1,1,1
2,1,3,6,870.22,4 0,South,1,2,1
2,1,3,3,870.6451,4 0,West,1,2,1
2,1,3,3,871.6171,4 0,North,1,2,1
2,1,3,2,872.4672,3 0,North,1,2,1
2,1,3,3,873.0255,3 0,East,1,2,1
2,1,3,2,873.6829,3 1,East,1,2,1
2,1,3,1,874.3203,3 1,North,1,2,1
2,1,3,2,874.9462,2 1,North,1,2,1
2,1,3,6,875.32,2 1,North,1,3,1
2,1,3,3,875.873,2 1,East,1,3,1
2,1,3,3,878.3683,2 1,South,1,3,1
2,1,3,1,879.2036,2 1,East,1,3,1
2,1,3,2,879.83,2 2,East,1,3,1
2,1,3,2,880.9566,2 3,East,1,3,1
2,1,3,1,881.6755,2 3,North,1,3,1
2,1,3,3,886.7824,2 3,East,1,3,1
2,1,3,2,887.5657,2 4,East,1,3,1
2,1,3,1,888.1498,2 4,North,1,3,1
2,1,3,2,888.8618,1 4,North,1,3,1
2,1,3,2,889.4892,0 4,North,1,3,1
2,1,3,1,890.0646,0 4,West,1,3,1
2,1,3,2,890.6625,0 3,West,1,3,1
2,1,3,6,891.08,0 3,West,1,4,1
2,1,3,3,892.1106,0 3,North,1,4,1
2,1,3,3,892.7192,0 3,East,1,4,1
2,1,3,2,893.41,0 4,East,1,4,1
2,1,3,3,893.959,0 4,South,1,4,1
2,1,3,2,894.4981,1 4,South,1,4,1
2,1,3,3,895.0225,1 4,West,1,4,1
2,1,3,1,896.8514,1 4,South,1,4,1
2,1,3,2,897.4423,2 4,South,1,4,1
2,1,3,3,898.2382,2 4,West,1,4,1
2,1,3,2,899.0694,2 3,West,1,4,1
2,1,3,2,899.71,2 2,West,1,4,1
2,1,3,1,900.3243,2 2,South,1,4,1
2,1,3,3,901.4409,2 2,West,1,4,1
2,1,3,2,903.9181,2 1,West,1,4,1
2,1,3,2,904.5461,2 1,West,1,4,2
2,1,3,3,905.2205,2 1,North,1,4,2
2,1,3,2,906.4194,1 1,North,1,4,2
2,1,3,1,907.0728,1 1,West,1,4,2
2,1,3,2,914.0939,1 0,West,1,4,2
2,1,3,1,914.7401,1 0,South,1,4,2
2,1,3,2,915.8069,2 0,South,1,4,2
2,1,3,6,916.18,2 0,South,1,5,2
2,1,3,3,917.424,2 0,West,1,5,2
2,1,3,3,918.0151,2 0,North,1,5,2
2,1,3,2,918.6863,1 0,North,1,5,2
2,1,3,3,919.5518,1 0,East,1,5,2
2,1,3,2,920.2139,1 1,East,1,5,2
2,1,3,3,920.8276,1 1,South,1,5,2
2,1,3,2,923.0084,2 1,South,1,5,2
2,1,3,1,924.3908,2 1,East,1,5,2
2,1,3,2,925.1709,2 2,East,1,5,2
2,1,3,3,925.7601,2 2,South,1,5,2
2,1,3,2,928.3988,3 2,South,1,5,2
2,1,3,3,929.0605,3 2,West,1,5,2
2,1,3,2,930.543,3 2,West,1,5,3
2,1,3,1,931.045,3 2,South,1,5,3
2,1,3,2,931.6356,4 2,South,1,5,3
2,1,3,3,932.4306,4 2,West,1,5,3
2,1,3,2,933.0533,4 1,West,1,5,3
2,1,3,6,933.46,4 1,West,1,6,3
2,1,3,1,933.8613,4 1,South,1,6,3
2,1,3,1,934.4664,4 1,East,1,6,3
2,1,3,2,935.6021,4 2,East,1,6,3
2,1,3,1,936.2065,4 2,North,1,6,3
2,1,3,2,936.8163,3 2,North,1,6,3
2,1,3,6,937.2,3 2,North,1,7,3
2,1,3,3,937.8905,3 2,East,1,7,3
2,1,3,1,938.5803,3 2,North,1,7,3
2,1,3,3,939.9185,3 2,East,1,7,3
2,1,3,1,940.5247,3 2,North,1,7,3
2,1,3,2,941.5214,2 2,North,1,7,3
2,1,3,2,942.2718,2 2,North,1,7,4
2,1,3,1,942.8318,2 2,West,1,7,4
2,1,3,3,943.8895,2 2,North,1,7,4
2,1,3,1,945.9058,2 2,West,1,7,4
2,1,3,3,947.1653,2 2,North,1,7,4
2,1,3,1,956.2734,2 2,West,1,7,4
2,1,3,2,956.8658,2 1,West,1,7,4
2,1,3,3,957.6937,2 1,North,1,7,4
2,1,3,2,959.3329,1 1,North,1,7,4
2,1,3,3,960.9741,1 1,East,1,7,4
2,1,3,2,961.8265,1 2,East,1,7,4
2,1,3,1,962.4843,1 2,North,1,7,4
2,1,3,2,963.5385,1 2,North,1,7,5
2,1,3,1,964.2125,1 2,West,1,7,5
2,1,3,2,964.9797,1 1,West,1,7,5
2,1,3,3,965.5414,1 1,North,1,7,5
2,1,3,2,966.1611,0 1,North,1,7,5
2,1,3,3,966.7637,0 1,East,1,7,5
2,1,3,2,967.394,0 1,East,1,7,6
2,1,3,1,971.5912,0 1,North,1,7,6
2,1,3,1,972.1763,0 1,West,1,7,6
2,1,3,1,972.9919,0 1,South,1,7,6
2,1,3,2,973.7585,1 1,South,1,7,6
2,1,3,1,974.3034,1 1,East,1,7,6
2,1,3,2,975.204,1 2,East,1,7,6
2,1,3,2,976.9659,1 2,East,1,7,7
2,1,3,3,977.5811,1 2,South,1,7,7
2,1,3,2,979.4459,1 2,South,1,7,8
2,1,3,3,980.309,1 2,West,1,7,8
2,1,3,2,981.0226,1 1,West,1,7,8
2,1,3,1,981.7319,1 1,South,1,7,8
2,1,3,2,982.3687,2 1,South,1,7,8
2,1,3,1,982.9449,2 1,East,1,7,8
2,1,3,2,983.9711,2 2,East,1,7,8
2,1,3,2,984.7518,2 3,East,1,7,8
2,1,3,1,985.6471,2 3,North,1,7,8
2,1,3,2,986.9305,1 3,North,1,7,8
2,1,3,2,987.6664,1 3,North,1,7,9
2,1,3,3,988.4773,1 3,East,1,7,9
2,1,3,2,989.1157,1 3,East,1,7,10
2,1,3,3,989.7011,1 3,South,1,7,10
2,1,3,2,990.3728,2 3,South,1,7,10
2,1,3,2,991.3133,3 3,South,1,7,10
2,1,3,1,992.6564,3 3,East,1,7,10
2,1,3,1,993.6514,3 3,North,1,7,10
2,1,3,2,994.3209,2 3,North,1,7,10
2,1,3,3,994.8494,2 3,East,1,7,10
2,1,3,2,995.4609,2 4,East,1,7,10
2,1,3,1,996.403,2 4,North,1,7,10
2,1,3,2,997.0735,1 4,North,1,7,10
2,1,3,2,997.9414,0 4,North,1,7,10
2,1,3,1,998.8363,0 4,West,1,7,10
2,1,3,2,999.4218,0 3,West,1,7,10
2,1,3,2,1000.147,0 2,West,1,7,10
2,1,3,6,1000.56,0 2,West,1,8,10
1,2,4,1,1034.561,4 3,North,1,0,10
1,2,4,1,1035.151,4 2,North,1,0,10
1,2,4,2,1035.795,3 2,North,1,0,10
1,2,4,2,1036.399,2 2,North,1,0,10
1,2,4,1,1037.31,2 1,North,1,0,10
1,2,4,3,1038.32,2 2,North,1,0,10
1,2,4,3,1039.182,2 3,North,1,0,10
1,2,4,4,1039.836,3 3,North,1,0,10
1,2,4,1,1040.498,3 2,North,1,0,10
1,2,4,4,1041.635,4 2,North,1,0,10
1,2,4,3,1042.239,4 3,North,1,0,10
1,2,4,3,1043.07,4 4,North,1,0,10
1,2,4,1,1044.37,4 3,North,1,0,10
1,2,4,2,1045.021,3 3,North,1,0,10
1,2,4,2,1045.589,2 3,North,1,0,10
1,2,4,1,1046.497,2 2,North,1,0,10
1,2,4,1,1047.086,2 1,North,1,0,10
1,2,4,4,1047.682,3 1,North,1,0,10
1,2,4,1,1048.225,3 0,North,1,0,10
1,2,4,4,1049.182,4 0,North,1,0,10
1,2,4,6,1049.54,4 0,North,1,1,10
1,2,4,2,1051.988,3 0,North,1,1,10
1,2,4,3,1052.964,3 1,North,1,1,10
1,2,4,2,1053.647,2 1,North,1,1,10
1,2,4,3,1054.59,2 2,North,1,1,10
1,2,4,3,1056.401,2 3,North,1,1,10
1,2,4,3,1057.454,2 4,North,1,1,10
1,2,4,2,1058.995,1 4,North,1,1,10
1,2,4,2,1059.903,0 4,North,1,1,10
1,2,4,6,1060.28,0 4,North,1,2,10
1,2,4,4,1071.615,1 4,North,1,2,10
1,2,4,4,1072.285,2 4,North,1,2,10
1,2,4,1,1072.817,2 3,North,1,2,10
1,2,4,1,1073.489,2 2,North,1,2,10
1,2,4,6,1073.9,2 2,North,1,3,10
1,2,4,1,1074.484,2 1,North,1,3,10
1,2,4,2,1075.045,1 1,North,1,3,10
1,2,4,2,1075.678,0 1,North,1,3,10
1,2,4,1,1076.32,0 0,North,1,3,10
1,2,4,6,1076.72,0 0,North,1,4,10
1,2,4,3,1076.895,0 1,North,1,4,10
1,2,4,4,1077.423,1 1,North,1,4,10
1,2,4,4,1078.045,2 1,North,1,4,10
1,2,4,3,1078.669,2 2,North,1,4,10
1,2,4,4,1079.249,3 2,North,1,4,10
1,2,4,4,1079.827,4 2,North,1,4,10
1,2,4,3,1080.45,4 3,North,1,4,10
1,2,4,6,1080.86,4 3,North,1,5,10
1,2,4,2,1081.046,3 3,North,1,5,10
1,2,4,2,1081.567,2 3,North,1,5,10
1,2,4,3,1082.481,2 4,North,1,5,10
1,2,4,2,1083.008,1 4,North,1,5,10
1,2,4,2,1083.537,0 4,North,1,5,10
1,2,4,1,1084.116,0 3,North,1,5,10
1,2,4,1,1084.739,0 2,North,1,5,10
1,2,4,6,1085.14,0 2,North,1,6,10
1,2,4,3,1085.26,0 3,North,1,6,10
1,2,4,3,1085.806,0 4,North,1,6,10
1,2,4,4,1086.384,1 4,North,1,6,10
1,2,4,4,1086.966,2 4,North,1,6,10
1,2,4,1,1087.476,2 3,North,1,6,10
1,2,4,1,1088.031,2 2,North,1,6,10
1,2,4,1,1088.644,2 1,North,1,6,10
1,2,4,2,1089.285,1 1,North,1,6,10
1,2,4,2,1089.86,0 1,North,1,6,10
1,2,4,6,1090.24,0 1,North,1,7,10
1,2,4,4,1090.448,1 1,North,1,7,10
1,2,4,4,1160.547,2 1,North,1,7,10
1,2,4,3,1161.074,2 2,North,1,7,10
1,2,4,4,1161.982,3 2,North,1,7,10
1,2,4,6,1162.34,3 2,North,1,8,10
2,2,4,1,1165.966,4 4,West,1,0,0
2,2,4,3,1166.734,4 4,North,1,0,0
2,2,4,2,1167.472,3 4,North,1,0,0
2,2,4,2,1168.097,2 4,North,1,0,0
2,2,4,2,1168.756,1 4,North,1,0,0
2,2,4,2,1169.65,0 4,North,1,0,0
2,2,4,6,1170.02,0 4,North,1,1,0
2,2,4,1,1170.366,0 4,West,1,1,0
2,2,4,1,1171.2,0 4,South,1,1,0
2,2,4,2,1172.115,1 4,South,1,1,0
2,2,4,2,1172.741,2 4,South,1,1,0
2,2,4,2,1173.486,3 4,South,1,1,0
2,2,4,2,1174.62,4 4,South,1,1,0
2,2,4,3,1175.504,4 4,West,1,1,0
2,2,4,2,1177.987,4 3,West,1,1,0
2,2,4,6,1178.4,4 3,West,1,2,0
2,2,4,3,1178.573,4 3,North,1,2,0
2,2,4,3,1184.495,4 3,East,1,2,0
2,2,4,3,1185.654,4 3,South,1,2,0
2,2,4,1,1187.137,4 3,East,1,2,0
2,2,4,2,1187.748,4 4,East,1,2,0
2,2,4,1,1188.385,4 4,North,1,2,0
2,2,4,2,1189.215,3 4,North,1,2,0
2,2,4,2,1189.903,2 4,North,1,2,0
2,2,4,2,1190.59,1 4,North,1,2,0
2,2,4,2,1191.375,0 4,North,1,2,0
2,2,4,1,1191.922,0 4,West,1,2,0
2,2,4,2,1192.495,0 3,West,1,2,0
2,2,4,2,1193.375,0 2,West,1,2,0
2,2,4,6,1193.8,0 2,West,1,3,0
2,2,4,3,1194.144,0 2,North,1,3,0
2,2,4,3,1194.781,0 2,East,1,3,0
2,2,4,2,1195.587,0 3,East,1,3,0
2,2,4,2,1196.225,0 4,East,1,3,0
2,2,4,3,1196.753,0 4,South,1,3,0
2,2,4,2,1197.765,1 4,South,1,3,0
2,2,4,2,1198.419,2 4,South,1,3,0
2,2,4,2,1199.104,3 4,South,1,3,0
2,2,4,2,1199.872,4 4,South,1,3,0
2,2,4,3,1200.422,4 4,West,1,3,0
2,2,4,3,1201.284,4 4,North,1,3,0
2,2,4,1,1202.102,4 4,West,1,3,0
2,2,4,1,1203.074,4 4,South,1,3,0
2,2,4,3,1203.617,4 4,West,1,3,0
2,2,4,2,1204.508,4 3,West,1,3,0
2,2,4,3,1205.054,4 3,North,1,3,0
2,2,4,2,1205.935,3 3,North,1,3,0
2,2,4,1,1209.038,3 3,West,1,3,0
2,2,4,2,1209.889,3 2,West,1,3,0
2,2,4,2,1213.766,3 2,West,1,3,1
2,2,4,3,1214.308,3 2,North,1,3,1
2,2,4,2,1214.915,2 2,North,1,3,1
2,2,4,1,1215.828,2 2,West,1,3,1
2,2,4,2,1217.167,2 1,West,1,3,1
2,2,4,1,1217.827,2 1,South,1,3,1
2,2,4,2,1218.431,3 1,South,1,3,1
2,2,4,3,1219.089,3 1,West,1,3,1
2,2,4,2,1219.73,3 0,West,1,3,1
2,2,4,1,1220.604,3 0,South,1,3,1
2,2,4,2,1221.265,4 0,South,1,3,1
2,2,4,6,1221.64,4 0,South,1,4,1
2,2,4,3,1222.004,4 0,West,1,4,1
2,2,4,3,1222.626,4 0,North,1,4,1
2,2,4,2,1223.406,3 0,North,1,4,1
2,2,4,3,1224.02,3 0,East,1,4,1
2,2,4,2,1224.674,3 1,East,1,4,1
2,2,4,1,1225.279,3 1,North,1,4,1
2,2,4,2,1226.001,2 1,North,1,4,1
2,2,4,3,1226.607,2 1,East,1,4,1
2,2,4,2,1229.022,2 2,East,1,4,1
2,2,4,2,1229.685,2 3,East,1,4,1
2,2,4,6,1230.1,2 3,East,1,5,1
2,2,4,3,1230.464,2 3,South,1,5,1
2,2,4,3,1231.007,2 3,West,1,5,1
2,2,4,2,1232.774,2 2,West,1,5,1
2,2,4,2,1236.163,2 1,West,1,5,1
2,2,4,3,1236.832,2 1,North,1,5,1
2,2,4,2,1237.422,1 1,North,1,5,1
2,2,4,6,1237.8,1 1,North,1,6,1
2,2,4,1,1242.816,1 1,West,1,6,1
2,2,4,2,1243.774,1 0,West,1,6,1
2,2,4,3,1244.431,1 0,North,1,6,1
2,2,4,2,1245.196,1 0,North,1,6,2
2,2,4,3,1251.091,1 0,East,1,6,2
2,2,4,2,1251.926,1 1,East,1,6,2
2,2,4,1,1252.592,1 1,North,1,6,2
2,2,4,2,1253.333,0 1,North,1,6,2
2,2,4,1,1253.94,0 1,West,1,6,2
2,2,4,2,1254.513,0 0,West,1,6,2
2,2,4,6,1254.92,0 0,West,1,7,2
2,2,4,1,1255.425,0 0,South,1,7,2
2,2,4,1,1256.037,0 0,East,1,7,2
2,2,4,2,1256.817,0 1,East,1,7,2
2,2,4,6,1257.24,0 1,East,1,8,2
1,2,5,1,1335.884,4 3,North,1,0,2
1,2,5,1,1336.413,4 2,North,1,0,2
1,2,5,2,1336.992,3 2,North,1,0,2
1,2,5,2,1337.917,2 2,North,1,0,2
1,2,5,1,1338.531,2 1,North,1,0,2
1,2,5,2,1339.118,1 1,North,1,0,2
1,2,5,3,1339.63,1 2,North,1,0,2
1,2,5,6,1340.04,1 2,North,1,1,2
1,2,5,1,1340.273,1 1,North,1,1,2
1,2,5,4,1340.83,2 1,North,1,1,2
1,2,5,3,1341.349,2 2,North,1,1,2
1,2,5,3,1342.257,2 3,North,1,1,2
1,2,5,3,1342.863,2 4,North,1,1,2
1,2,5,2,1343.457,1 4,North,1,1,2
1,2,5,2,1343.971,0 4,North,1,1,2
1,2,5,1,1344.558,0 3,North,1,1,2
1,2,5,6,1344.96,0 3,North,1,2,2
1,2,5,3,1345.089,0 4,North,1,2,2
1,2,5,4,1345.682,1 4,North,1,2,2
1,2,5,4,1346.288,2 4,North,1,2,2
1,2,5,1,1346.845,2 3,North,1,2,2
1,2,5,4,1347.742,3 3,North,1,2,2
1,2,5,4,1348.35,4 3,North,1,2,2
1,2,5,1,1349.003,4 2,North,1,2,2
1,2,5,6,1349.4,4 2,North,1,3,2
1,2,5,2,1349.557,3 2,North,1,3,2
1,2,5,2,1350.131,2 2,North,1,3,2
1,2,5,1,1351.06,2 1,North,1,3,2
1,2,5,6,1351.46,2 1,North,1,4,2
1,2,5,4,1351.97,3 1,North,1,4,2
1,2,5,1,1352.813,3 0,North,1,4,2
1,2,5,6,1353.22,3 0,North,1,5,2
1,2,5,3,1353.443,3 1,North,1,5,2
1,2,5,2,1354.018,2 1,North,1,5,2
1,2,5,3,1354.862,2 2,North,1,5,2
1,2,5,3,1355.557,2 3,North,1,5,2
1,2,5,3,1356.236,2 4,North,1,5,2
1,2,5,6,1356.64,2 4,North,1,6,2
1,2,5,1,1357.108,2 3,North,1,6,2
1,2,5,1,1357.998,2 2,North,1,6,2
1,2,5,1,1359.633,2 1,North,1,6,2
1,2,5,2,1361.922,1 1,North,1,6,2
1,2,5,6,1362.3,1 1,North,1,7,2
1,2,5,1,1420.098,1 0,North,1,7,2
1,2,5,4,1420.773,2 0,North,1,7,2
1,2,5,6,1421.14,2 0,North,1,8,2
2,2,5,1,1424.925,4 4,West,1,0,0
2,2,5,2,1427.427,4 3,West,1,0,0
2,2,5,2,1430.485,4 2,West,1,0,0
2,2,5,3,1431.173,4 2,North,1,0,0
2,2,5,2,1432.766,3 2,North,1,0,0
2,2,5,2,1433.695,2 2,North,1,0,0
2,2,5,1,1434.372,2 2,West,1,0,0
2,2,5,2,1435.061,2 1,West,1,0,0
2,2,5,6,1435.48,2 1,West,1,1,0
2,2,5,3,1435.811,2 1,North,1,1,0
2,2,5,3,1436.373,2 1,East,1,1,0
2,2,5,1,1437.168,2 1,North,1,1,0
2,2,5,3,1437.874,2 1,East,1,1,0
2,2,5,2,1438.88,2 2,East,1,1,0
2,2,5,2,1439.854,2 3,East,1,1,0
2,2,5,2,1440.707,2 4,East,1,1,0
2,2,5,1,1441.389,2 4,North,1,1,0
2,2,5,2,1441.998,1 4,North,1,1,0
2,2,5,2,1442.734,0 4,North,1,1,0
2,2,5,1,1443.281,0 4,West,1,1,0
2,2,5,2,1443.863,0 3,West,1,1,0
2,2,5,6,1444.26,0 3,West,1,2,0
2,2,5,3,1445.583,0 3,North,1,2,0
2,2,5,3,1446.206,0 3,East,1,2,0
2,2,5,2,1446.844,0 4,East,1,2,0
2,2,5,3,1447.411,0 4,South,1,2,0
2,2,5,2,1448.012,1 4,South,1,2,0
2,2,5,2,1448.566,2 4,South,1,2,0
2,2,5,3,1449.12,2 4,West,1,2,0
2,2,5,2,1449.75,2 3,West,1,2,0
2,2,5,2,1450.403,2 2,West,1,2,0
2,2,5,1,1450.918,2 2,South,1,2,0
2,2,5,3,1451.827,2 2,West,1,2,0
2,2,5,1,1456.356,2 2,South,1,2,0
2,2,5,3,1460.485,2 2,West,1,2,0
2,2,5,2,1461.699,2 1,West,1,2,0
2,2,5,3,1466.844,2 1,North,1,2,0
2,2,5,2,1468.368,1 1,North,1,2,0
2,2,5,1,1469.026,1 1,West,1,2,0
2,2,5,2,1470.486,1 0,West,1,2,0
2,2,5,1,1471.105,1 0,South,1,2,0
2,2,5,2,1471.728,2 0,South,1,2,0
2,2,5,6,1472.1,2 0,South,1,3,0
2,2,5,3,1472.414,2 0,West,1,3,0
2,2,5,3,1473.06,2 0,North,1,3,0
2,2,5,2,1473.732,1 0,North,1,3,0
2,2,5,3,1474.29,1 0,East,1,3,0
2,2,5,2,1474.833,1 1,East,1,3,0
2,2,5,6,1475.24,1 1,East,1,4,0
2,2,5,3,1475.501,1 1,South,1,4,0
2,2,5,2,1476.352,2 1,South,1,4,0
2,2,5,1,1476.95,2 1,East,1,4,0
2,2,5,2,1477.518,2 2,East,1,4,0
2,2,5,6,1477.92,2 2,East,1,5,0
2,2,5,1,1478.454,2 2,North,1,5,0
2,2,5,1,1479.014,2 2,West,1,5,0
2,2,5,1,1479.635,2 2,South,1,5,0
2,2,5,2,1481.584,3 2,South,1,5,0
2,2,5,2,1482.245,4 2,South,1,5,0
2,2,5,3,1482.782,4 2,West,1,5,0
2,2,5,2,1483.345,4 1,West,1,5,0
2,2,5,6,1483.76,4 1,West,1,6,0
2,2,5,3,1484.001,4 1,North,1,6,0
2,2,5,3,1484.595,4 1,East,1,6,0
2,2,5,2,1485.296,4 2,East,1,6,0
2,2,5,1,1485.87,4 2,North,1,6,0
2,2,5,2,1486.503,3 2,North,1,6,0
2,2,5,2,1487.358,2 2,North,1,6,0
2,2,5,1,1487.935,2 2,West,1,6,0
2,2,5,2,1488.719,2 1,West,1,6,0
2,2,5,3,1489.429,2 1,North,1,6,0
2,2,5,2,1490.304,1 1,North,1,6,0
2,2,5,1,1490.914,1 1,West,1,6,0
2,2,5,2,1491.616,1 0,West,1,6,0
2,2,5,6,1492.02,1 0,West,1,7,0
2,2,5,3,1492.385,1 0,North,1,7,0
2,2,5,3,1492.928,1 0,East,1,7,0
2,2,5,2,1493.599,1 1,East,1,7,0
2,2,5,3,1494.149,1 1,South,1,7,0
2,2,5,2,1494.706,2 1,South,1,7,0
2,2,5,1,1495.283,2 1,East,1,7,0
2,2,5,2,1495.862,2 2,East,1,7,0
2,2,5,3,1496.635,2 2,South,1,7,0
2,2,5,2,1497.166,3 2,South,1,7,0
2,2,5,6,1497.54,3 2,South,1,8,0
1,2,6,1,1581.229,4 3,North,1,0,0
1,2,6,1,1581.74,4 2,North,1,0,0
1,2,6,1,1582.689,4 1,North,1,0,0
1,2,6,6,1583.1,4 1,North,1,1,0
1,2,6,3,1583.296,4 2,North,1,1,0
1,2,6,3,1584.258,4 3,North,1,1,0
1,2,6,2,1584.829,3 3,North,1,1,0
1,2,6,2,1585.569,2 3,North,1,1,0
1,2,6,2,1586.098,1 3,North,1,1,0
1,2,6,6,1586.48,1 3,North,1,2,0
1,2,6,4,1586.687,2 3,North,1,2,0
1,2,6,1,1587.265,2 2,North,1,2,0
1,2,6,1,1588.076,2 1,North,1,2,0
1,2,6,4,1588.72,3 1,North,1,2,0
1,2,6,6,1589.08,3 1,North,1,3,0
1,2,6,2,1589.378,2 1,North,1,3,0
1,2,6,3,1589.982,2 2,North,1,3,0
1,2,6,3,1590.578,2 3,North,1,3,0
1,2,6,6,1590.98,2 3,North,1,4,0
1,2,6,4,1591.309,3 3,North,1,4,0
1,2,6,4,1591.972,4 3,North,1,4,0
1,2,6,3,1592.529,4 4,North,1,4,0
1,2,6,2,1593.106,3 4,North,1,4,0
1,2,6,6,1593.48,3 4,North,1,5,0
1,2,6,2,1593.621,2 4,North,1,5,0
1,2,6,1,1594.133,2 3,North,1,5,0
1,2,6,1,1594.674,2 2,North,1,5,0
1,2,6,1,1595.204,2 1,North,1,5,0
1,2,6,2,1595.764,1 1,North,1,5,0
1,2,6,1,1596.34,1 0,North,1,5,0
1,2,6,6,1596.74,1 0,North,1,6,0
1,2,6,3,1597.06,1 1,North,1,6,0
1,2,6,4,1597.635,2 1,North,1,6,0
1,2,6,3,1598.528,2 2,North,1,6,0
1,2,6,4,1599.107,3 2,North,1,6,0
1,2,6,3,1599.999,3 3,North,1,6,0
1,2,6,6,1600.4,3 3,North,1,7,0
1,2,6,2,1653.729,2 3,North,1,7,0
1,2,6,3,1654.548,2 4,North,1,7,0
1,2,6,2,1655.108,1 4,North,1,7,0
1,2,6,6,1655.48,1 4,North,1,8,0
2,2,6,1,1658.62,4 4,West,1,0,0
2,2,6,2,1660.254,4 3,West,1,0,0
2,2,6,2,1662.479,4 2,West,1,0,0
2,2,6,3,1663.34,4 2,North,1,0,0
2,2,6,2,1665.557,3 2,North,1,0,0
2,2,6,1,1666.163,3 2,West,1,0,0
2,2,6,2,1667.022,3 2,West,1,0,1
2,2,6,3,1668.42,3 2,North,1,0,1
2,2,6,2,1670.821,2 2,North,1,0,1
2,2,6,1,1671.359,2 2,West,1,0,1
2,2,6,2,1672.613,2 1,West,1,0,1
2,2,6,1,1673.205,2 1,South,1,0,1
2,2,6,2,1674.142,3 1,South,1,0,1
2,2,6,6,1674.52,3 1,South,1,1,1
2,2,6,3,1675.25,3 1,West,1,1,1
2,2,6,3,1675.95,3 1,North,1,1,1
2,2,6,3,1676.866,3 1,East,1,1,1
2,2,6,1,1677.618,3 1,North,1,1,1
2,2,6,2,1678.42,2 1,North,1,1,1
2,2,6,3,1678.98,2 1,East,1,1,1
2,2,6,2,1679.894,2 2,East,1,1,1
2,2,6,2,1680.479,2 3,East,1,1,1
2,2,6,2,1681.492,2 4,East,1,1,1
2,2,6,1,1682.145,2 4,North,1,1,1
2,2,6,2,1682.755,1 4,North,1,1,1
2,2,6,6,1683.14,1 4,North,1,2,1
2,2,6,1,1683.453,1 4,West,1,2,1
2,2,6,1,1684.111,1 4,South,1,2,1
2,2,6,2,1684.918,2 4,South,1,2,1
2,2,6,2,1685.555,3 4,South,1,2,1
2,2,6,3,1686.401,3 4,West,1,2,1
2,2,6,1,1687.491,3 4,South,1,2,1
2,2,6,2,1688.194,4 4,South,1,2,1
2,2,6,3,1688.803,4 4,West,1,2,1
2,2,6,2,1689.406,4 3,West,1,2,1
2,2,6,3,1690.258,4 3,North,1,2,1
2,2,6,2,1690.876,3 3,North,1,2,1
2,2,6,6,1691.26,3 3,North,1,3,1
2,2,6,1,1691.524,3 3,West,1,3,1
2,2,6,3,1692.081,3 3,North,1,3,1
2,2,6,2,1694.19,2 3,North,1,3,1
2,2,6,3,1694.72,2 3,East,1,3,1
2,2,6,2,1695.699,2 4,East,1,3,1
2,2,6,6,1696.1,2 4,East,1,4,1
2,2,6,1,1696.338,2 4,North,1,4,1
2,2,6,1,1696.929,2 4,West,1,4,1
2,2,6,2,1699.615,2 3,West,1,4,1
2,2,6,3,1700.209,2 3,North,1,4,1
2,2,6,2,1701.344,1 3,North,1,4,1
2,2,6,6,1701.72,1 3,North,1,5,1
2,2,6,1,1702.189,1 3,West,1,5,1
2,2,6,1,1702.755,1 3,South,1,5,1
2,2,6,2,1703.457,2 3,South,1,5,1
2,2,6,3,1704.018,2 3,West,1,5,1
2,2,6,1,1706.275,2 3,South,1,5,1
2,2,6,2,1707.492,3 3,South,1,5,1
2,2,6,3,1708.308,3 3,West,1,5,1
2,2,6,3,1709.826,3 3,North,1,5,1
2,2,6,1,1710.576,3 3,West,1,5,1
2,2,6,2,1711.414,3 2,West,1,5,1
2,2,6,3,1712.414,3 2,North,1,5,1
2,2,6,1,1713.327,3 2,West,1,5,1
2,2,6,2,1717.358,3 2,West,1,5,2
2,2,6,3,1717.891,3 2,North,1,5,2
2,2,6,2,1718.527,2 2,North,1,5,2
2,2,6,1,1719.223,2 2,West,1,5,2
2,2,6,2,1720.194,2 1,West,1,5,2
2,2,6,1,1720.926,2 1,South,1,5,2
2,2,6,2,1721.555,3 1,South,1,5,2
2,2,6,3,1722.188,3 1,West,1,5,2
2,2,6,2,1722.845,3 0,West,1,5,2
2,2,6,6,1723.26,3 0,West,1,6,2
2,2,6,1,1723.476,3 0,South,1,6,2
2,2,6,1,1724.038,3 0,East,1,6,2
2,2,6,2,1724.867,3 1,East,1,6,2
2,2,6,1,1725.404,3 1,North,1,6,2
2,2,6,2,1726.098,2 1,North,1,6,2
2,2,6,3,1726.675,2 1,East,1,6,2
2,2,6,2,1727.284,2 2,East,1,6,2
2,2,6,3,1727.81,2 2,South,1,6,2
2,2,6,2,1731.715,3 2,South,1,6,2
2,2,6,1,1735.271,3 2,East,1,6,2
2,2,6,3,1739.268,3 2,South,1,6,2
2,2,6,1,1741.166,3 2,East,1,6,2
2,2,6,2,1741.985,3 3,East,1,6,2
2,2,6,2,1743.805,3 3,East,1,6,3
2,2,6,3,1744.387,3 3,South,1,6,3
2,2,6,2,1745.041,4 3,South,1,6,3
2,2,6,3,1745.598,4 3,West,1,6,3
2,2,6,2,1746.224,4 2,West,1,6,3
2,2,6,6,1746.64,4 2,West,1,7,3
2,2,6,3,1747.199,4 2,North,1,7,3
2,2,6,3,1748.021,4 2,East,1,7,3
2,2,6,2,1748.966,4 3,East,1,7,3
2,2,6,2,1750.434,4 4,East,1,7,3
2,2,6,1,1750.983,4 4,North,1,7,3
2,2,6,2,1751.558,3 4,North,1,7,3
2,2,6,6,1751.94,3 4,North,1,8,3
1,7,19,2,5422.278,3 4,North,4,0,0
1,7,19,2,5423.107,2 4,North,4,0,0
1,7,19,2,5423.773,1 4,North,4,0,0
1,7,19,2,5435.919,1 4,North,4,0,0
1,7,19,1,5436.286,1 3,North,4,0,0
1,7,19,2,5436.964,0 3,North,4,0,0
1,7,19,1,5437.556,0 2,North,4,0,0
1,7,19,1,5438.161,0 1,North,4,0,0
1,7,19,1,5438.829,0 0,North,4,0,0
1,7,19,3,5439.478,0 1,North,4,0,0
1,7,19,3,5440.032,0 2,North,4,0,0
1,7,19,4,5440.929,1 2,North,4,0,0
1,7,19,2,5441.551,0 2,North,4,0,0
1,7,19,3,5442.124,0 3,North,4,0,0
1,7,19,4,5443.008,1 3,North,4,0,0
1,7,19,3,5443.615,1 4,North,4,0,0
1,7,19,4,5444.226,2 4,North,4,0,0
1,7,19,4,5444.782,3 4,North,4,0,0
1,7,19,4,5445.357,4 4,North,4,0,0
1,7,19,1,5446.51,4 3,North,4,0,0
1,7,19,1,5447.076,4 2,North,4,0,0
1,7,19,2,5447.761,3 2,North,4,0,0
1,7,19,2,5448.461,2 2,North,4,0,0
1,7,19,1,5449.053,2 1,North,4,0,0
1,7,19,2,5449.637,1 1,North,4,0,0
1,7,19,1,5450.191,1 0,North,4,0,0
1,7,19,4,5450.887,2 0,North,4,0,0
1,7,19,4,5451.408,3 0,North,4,0,0
1,7,19,4,5451.963,4 0,North,4,0,0
1,7,19,3,5452.643,4 1,North,4,0,0
1,7,19,2,5453.216,3 1,North,4,0,0
1,7,19,2,5453.745,2 1,North,4,0,0
1,7,19,2,5454.734,1 1,North,4,0,0
1,7,19,1,5455.504,1 0,North,4,0,0
1,7,19,4,5456.193,2 0,North,4,0,0
1,7,19,4,5456.721,3 0,North,4,0,0
1,7,19,4,5457.249,4 0,North,4,0,0
1,7,19,3,5458.48,4 1,North,4,0,0
1,7,19,2,5459.037,3 1,North,4,0,0
1,7,19,2,5459.872,2 1,North,4,0,0
1,7,19,3,5460.418,2 2,North,4,0,0
1,7,19,4,5460.974,3 2,North,4,0,0
1,7,19,4,5461.616,4 2,North,4,0,0
1,7,19,4,5462.143,4 2,North,4,0,0
1,7,19,3,5462.783,4 3,North,4,0,0
1,7,19,1,5466.947,4 2,North,4,0,0
1,7,19,2,5467.644,3 2,North,4,0,0
1,7,19,2,5468.304,2 2,North,4,0,0
1,7,19,3,5468.934,2 3,North,4,0,0
1,7,19,6,5469.34,2 3,North,4,1,0
1,7,19,3,5469.652,2 4,North,4,1,0
1,7,19,4,5470.244,3 4,North,4,1,0
1,7,19,6,5470.62,3 4,North,4,2,0
1,7,19,4,5471.233,4 4,North,4,2,0
1,7,19,1,5471.828,4 3,North,4,2,0
1,7,19,1,5472.355,4 2,North,4,2,0
1,7,19,2,5472.995,3 2,North,4,2,0
1,7,19,2,5473.548,2 2,North,4,2,0
1,7,19,1,5474.08,2 1,North,4,2,0
1,7,19,4,5474.606,3 1,North,4,2,0
1,7,19,4,5475.558,4 1,North,4,2,0
1,7,19,6,5475.92,4 1,North,4,3,0
1,7,19,2,5476.132,3 1,North,4,3,0
1,7,19,2,5477.087,2 1,North,4,3,0
1,7,19,2,5477.716,1 1,North,4,3,0
1,7,19,1,5478.289,1 0,North,4,3,0
1,7,19,4,5478.863,2 0,North,4,3,0
1,7,19,6,5479.22,2 0,North,4,4,0
1,7,19,4,5479.396,3 0,North,4,4,0
1,7,19,4,5479.999,4 0,North,4,4,0
1,7,19,3,5482.239,4 1,North,4,4,0
1,7,19,2,5483.039,3 1,North,4,4,0
1,7,19,6,5483.42,3 1,North,4,5,0
1,7,19,2,5483.559,2 1,North,4,5,0
1,7,19,4,5484.084,3 1,North,4,5,0
1,7,19,4,5484.642,4 1,North,4,5,0
1,7,19,1,5485.169,4 0,North,4,5,0
1,7,19,6,5485.58,4 0,North,4,6,0
1,7,19,2,5485.858,3 0,North,4,6,0
1,7,19,2,5486.687,2 0,North,4,6,0
1,7,19,2,5487.219,1 0,North,4,6,0
1,7,19,3,5487.86,1 1,North,4,6,0
1,7,19,4,5488.783,2 1,North,4,6,0
1,7,19,3,5489.406,2 2,North,4,6,0
1,7,19,3,5489.924,2 3,North,4,6,0
1,7,19,2,5490.46,1 3,North,4,6,0
1,7,19,6,5490.84,1 3,North,4,7,0
1,7,19,4,5516.863,2 3,North,4,7,0
1,7,19,1,5517.521,2 2,North,4,7,0
1,7,19,1,5518.284,2 1,North,4,7,0
1,7,19,2,5518.931,1 1,North,4,7,0
1,7,19,4,5520.446,2 1,North,4,7,0
1,7,19,4,5521.076,3 1,North,4,7,0
1,7,19,4,5521.874,4 1,North,4,7,0
1,7,19,2,5522.645,3 1,North,4,7,0
1,7,19,2,5523.247,2 1,North,4,7,0
1,7,19,2,5523.809,1 1,North,4,7,0
1,7,19,4,5524.581,2 1,North,4,7,0
1,7,19,3,5525.23,2 2,North,4,7,0
1,7,19,3,5526.9,2 3,North,4,7,0
1,7,19,3,5527.503,2 4,North,4,7,0
1,7,19,4,5528.06,3 4,North,4,7,0
1,7,19,4,5529.62,4 4,North,4,7,0
1,7,19,1,5530.672,4 3,North,4,7,0
1,7,19,2,5531.303,3 3,North,4,7,0
1,7,19,3,5531.904,3 4,North,4,7,0
1,7,19,4,5532.465,4 4,North,4,7,0
1,7,19,1,5533.36,4 3,North,4,7,0
1,7,19,1,5533.932,4 2,North,4,7,0
1,7,19,2,5534.657,3 2,North,4,7,0
1,7,19,2,5535.219,2 2,North,4,7,0
1,7,19,3,5535.907,2 3,North,4,7,0
1,7,19,3,5536.798,2 4,North,4,7,0
1,7,19,4,5537.652,3 4,North,4,7,0
1,7,19,4,5538.338,4 4,North,4,7,0
1,7,19,1,5539.436,4 3,North,4,7,0
1,7,19,2,5540.144,3 3,North,4,7,0
1,7,19,3,5540.727,3 4,North,4,7,0
1,7,19,4,5541.246,4 4,North,4,7,0
1,7,19,1,5541.984,4 3,North,4,7,0
1,7,19,1,5542.579,4 2,North,4,7,0
1,7,19,2,5543.246,3 2,North,4,7,0
1,7,19,2,5543.875,2 2,North,4,7,0
1,7,19,3,5544.468,2 3,North,4,7,0
1,7,19,3,5545.521,2 4,North,4,7,0
1,7,19,1,5546.14,2 3,North,4,7,0
1,7,19,2,5604.303,1 3,North,4,7,0
1,7,19,3,5604.876,1 4,North,4,7,0
1,7,19,6,5605.28,1 4,North,4,8,0
2,7,19,1,5608.727,4 4,West,4,0,0
2,7,19,3,5609.843,4 4,North,4,0,0
2,7,19,2,5612.836,3 4,North,4,0,0
2,7,19,1,5613.646,3 4,West,4,0,0
2,7,19,3,5614.849,3 4,North,4,0,0
2,7,19,2,5615.745,2 4,North,4,0,0
2,7,19,1,5617.814,2 4,West,4,0,0
2,7,19,2,5618.5,2 3,West,4,0,0
2,7,19,2,5619.104,2 2,West,4,0,0
2,7,19,3,5619.764,2 2,North,4,0,0
2,7,19,2,5620.53,2 2,North,4,0,1
2,7,19,1,5621.297,2 2,West,4,0,1
2,7,19,3,5622.291,2 2,North,4,0,1
2,7,19,3,5623.105,2 2,East,4,0,1
2,7,19,2,5626.354,2 3,East,4,0,1
2,7,19,1,5626.964,2 3,North,4,0,1
2,7,19,2,5627.586,1 3,North,4,0,1
2,7,19,2,5628.72,0 3,North,4,0,1
2,7,19,3,5629.461,0 3,East,4,0,1
2,7,19,2,5630.085,0 4,East,4,0,1
2,7,19,3,5630.784,0 4,South,4,0,1
2,7,19,2,5631.491,0 4,South,4,0,2
2,7,19,3,5632.515,0 4,West,4,0,2
2,7,19,2,5633.236,0 3,West,4,0,2
2,7,19,1,5633.997,0 3,South,4,0,2
2,7,19,2,5634.706,1 3,South,4,0,2
2,7,19,1,5635.43,1 3,East,4,0,2
2,7,19,2,5636.133,1 4,East,4,0,2
2,7,19,6,5636.54,1 4,East,4,1,2
2,7,19,3,5636.9,1 4,South,4,1,2
2,7,19,3,5637.556,1 4,West,4,1,2
2,7,19,2,5638.293,1 3,West,4,1,2
2,7,19,2,5640.16,1 3,West,4,1,3
2,7,19,1,5640.78,1 3,South,4,1,3
2,7,19,2,5641.444,2 3,South,4,1,3
2,7,19,2,5642.081,2 3,South,4,1,4
2,7,19,3,5645.809,2 3,West,4,1,4
2,7,19,2,5646.417,2 2,West,4,1,4
2,7,19,1,5647.091,2 2,South,4,1,4
2,7,19,2,5647.888,3 2,South,4,1,4
2,7,19,2,5648.607,4 2,South,4,1,4
2,7,19,3,5649.285,4 2,West,4,1,4
2,7,19,3,5651.008,4 2,North,4,1,4
2,7,19,2,5651.763,3 2,North,4,1,4
2,7,19,2,5652.514,2 2,North,4,1,4
2,7,19,1,5653.11,2 2,West,4,1,4
2,7,19,2,5653.799,2 1,West,4,1,4
2,7,19,1,5654.447,2 1,South,4,1,4
2,7,19,2,5655.121,3 1,South,4,1,4
2,7,19,2,5655.711,4 1,South,4,1,4
2,7,19,6,5656.08,4 1,South,4,2,4
2,7,19,3,5656.318,4 1,West,4,2,4
2,7,19,3,5656.912,4 1,North,4,2,4
2,7,19,2,5657.952,3 1,North,4,2,4
2,7,19,2,5658.61,2 1,North,4,2,4
2,7,19,3,5659.216,2 1,East,4,2,4
2,7,19,2,5659.888,2 2,East,4,2,4
2,7,19,3,5660.416,2 2,South,4,2,4
2,7,19,2,5661.045,3 2,South,4,2,4
2,7,19,2,5662.165,4 2,South,4,2,4
2,7,19,1,5662.757,4 2,East,4,2,4
2,7,19,2,5663.379,4 3,East,4,2,4
2,7,19,2,5664.032,4 4,East,4,2,4
2,7,19,1,5664.956,4 4,North,4,2,4
2,7,19,2,5665.791,3 4,North,4,2,4
2,7,19,6,5666.18,3 4,North,4,3,4
2,7,19,1,5666.593,3 4,West,4,3,4
2,7,19,2,5667.356,3 3,West,4,3,4
2,7,19,3,5669.427,3 3,North,4,3,4
2,7,19,3,5670.063,3 3,East,4,3,4
2,7,19,2,5670.764,3 4,East,4,3,4
2,7,19,1,5671.38,3 4,North,4,3,4
2,7,19,2,5672.004,2 4,North,4,3,4
2,7,19,1,5672.608,2 4,West,4,3,4
2,7,19,2,5673.313,2 3,West,4,3,4
2,7,19,2,5673.988,2 2,West,4,3,4
2,7,19,1,5675.092,2 2,South,4,3,4
2,7,19,3,5676.161,2 2,West,4,3,4
2,7,19,2,5676.868,2 1,West,4,3,4
2,7,19,1,5678.309,2 1,South,4,3,4
2,7,19,2,5678.93,3 1,South,4,3,4
2,7,19,2,5679.621,4 1,South,4,3,4
2,7,19,3,5680.177,4 1,West,4,3,4
2,7,19,2,5680.79,4 0,West,4,3,4
2,7,19,3,5681.379,4 0,North,4,3,4
2,7,19,2,5681.985,3 0,North,4,3,4
2,7,19,2,5682.55,2 0,North,4,3,4
2,7,19,6,5682.94,2 0,North,4,4,4
2,7,19,2,5683.188,1 0,North,4,4,4
2,7,19,3,5683.813,1 0,East,4,4,4
2,7,19,2,5684.435,1 1,East,4,4,4
2,7,19,3,5685.074,1 1,South,4,4,4
2,7,19,2,5685.78,2 1,South,4,4,4
2,7,19,1,5686.643,2 1,East,4,4,4
2,7,19,2,5688.404,2 2,East,4,4,4
2,7,19,1,5689.071,2 2,North,4,4,4
2,7,19,2,5689.759,2 2,North,4,4,5
2,7,19,3,5691.924,2 2,East,4,4,5
2,7,19,2,5692.579,2 3,East,4,4,5
2,7,19,1,5693.197,2 3,North,4,4,5
2,7,19,2,5693.874,1 3,North,4,4,5
2,7,19,2,5694.593,0 3,North,4,4,5
2,7,19,1,5695.138,0 3,West,4,4,5
2,7,19,2,5695.781,0 2,West,4,4,5
2,7,19,1,5696.456,0 2,South,4,4,5
2,7,19,2,5697.075,1 2,South,4,4,5
2,7,19,6,5697.44,1 2,South,4,5,5
2,7,19,1,5697.634,1 2,East,4,5,5
2,7,19,1,5698.275,1 2,North,4,5,5
2,7,19,2,5698.988,0 2,North,4,5,5
2,7,19,3,5699.621,0 2,East,4,5,5
2,7,19,2,5700.215,0 3,East,4,5,5
2,7,19,3,5700.991,0 3,South,4,5,5
2,7,19,2,5701.603,1 3,South,4,5,5
2,7,19,2,5702.35,2 3,South,4,5,5
2,7,19,3,5702.988,2 3,West,4,5,5
2,7,19,2,5708.209,2 2,West,4,5,5
2,7,19,2,5708.962,2 1,West,4,5,5
2,7,19,1,5709.583,2 1,South,4,5,5
2,7,19,2,5710.262,3 1,South,4,5,5
2,7,19,3,5710.927,3 1,West,4,5,5
2,7,19,1,5712.276,3 1,South,4,5,5
2,7,19,2,5712.898,4 1,South,4,5,5
2,7,19,3,5713.494,4 1,West,4,5,5
2,7,19,2,5714.145,4 0,West,4,5,5
2,7,19,3,5714.723,4 0,North,4,5,5
2,7,19,2,5715.359,3 0,North,4,5,5
2,7,19,2,5716.083,2 0,North,4,5,5
2,7,19,2,5716.784,1 0,North,4,5,5
2,7,19,3,5720.021,1 0,East,4,5,5
2,7,19,2,5720.646,1 1,East,4,5,5
2,7,19,3,5721.229,1 1,South,4,5,5
2,7,19,2,5721.955,2 1,South,4,5,5
2,7,19,1,5724.244,2 1,East,4,5,5
2,7,19,2,5725.104,2 2,East,4,5,5
2,7,19,2,5726.737,2 3,East,4,5,5
2,7,19,1,5727.941,2 3,North,4,5,5
2,7,19,2,5728.709,1 3,North,4,5,5
2,7,19,2,5729.605,0 3,North,4,5,5
2,7,19,1,5730.338,0 3,West,4,5,5
2,7,19,2,5730.974,0 2,West,4,5,5
2,7,19,2,5731.598,0 1,West,4,5,5
2,7,19,2,5732.195,0 0,West,4,5,5
2,7,19,6,5732.6,0 0,West,4,6,5
2,7,19,1,5732.737,0 0,South,4,6,5
2,7,19,1,5733.365,0 0,East,4,6,5
2,7,19,2,5734.045,0 1,East,4,6,5
2,7,19,2,5734.69,0 2,East,4,6,5
2,7,19,2,5735.904,0 3,East,4,6,5
2,7,19,3,5736.597,0 3,South,4,6,5
2,7,19,2,5737.318,1 3,South,4,6,5
2,7,19,2,5738.309,2 3,South,4,6,5
2,7,19,2,5739.2,2 3,South,4,6,6
2,7,19,1,5740.117,2 3,East,4,6,6
2,7,19,2,5740.801,2 4,East,4,6,6
2,7,19,3,5741.388,2 4,South,4,6,6
2,7,19,2,5742.032,3 4,South,4,6,6
2,7,19,3,5742.662,3 4,West,4,6,6
2,7,19,2,5743.234,3 3,West,4,6,6
2,7,19,1,5743.854,3 3,South,4,6,6
2,7,19,2,5744.605,4 3,South,4,6,6
2,7,19,3,5745.216,4 3,West,4,6,6
2,7,19,2,5745.813,4 2,West,4,6,6
2,7,19,6,5746.22,4 2,West,4,7,6
2,7,19,3,5746.514,4 2,North,4,7,6
2,7,19,2,5747.534,3 2,North,4,7,6
2,7,19,2,5748.178,2 2,North,4,7,6
2,7,19,3,5748.785,2 2,East,4,7,6
2,7,19,2,5749.366,2 3,East,4,7,6
2,7,19,1,5750.145,2 3,North,4,7,6
2,7,19,2,5750.813,1 3,North,4,7,6
2,7,19,6,5751.2,1 3,North,4,8,6
1,7,20,1,5785.774,4 3,North,4,0,6
1,7,20,1,5786.351,4 2,North,4,0,6
1,7,20,2,5786.979,3 2,North,4,0,6
1,7,20,2,5787.966,2 2,North,4,0,6
1,7,20,1,5788.574,2 1,North,4,0,6
1,7,20,6,5788.98,2 1,North,4,1,6
1,7,20,1,5789.217,2 1,North,4,1,6
1,7,20,3,5789.694,2 2,North,4,1,6
1,7,20,3,5790.306,2 3,North,4,1,6
1,7,20,2,5790.964,1 3,North,4,1,6
1,7,20,2,5791.533,0 3,North,4,1,6
1,7,20,6,5791.92,0 3,North,4,2,6
1,7,20,4,5792.547,1 3,North,4,2,6
1,7,20,4,5793.536,2 3,North,4,2,6
1,7,20,1,5794.196,2 2,North,4,2,6
1,7,20,4,5794.797,3 2,North,4,2,6
1,7,20,6,5795.16,3 2,North,4,3,6
1,7,20,2,5795.653,2 2,North,4,3,6
1,7,20,3,5796.212,2 3,North,4,3,6
1,7,20,2,5796.754,1 3,North,4,3,6
1,7,20,2,5797.646,0 3,North,4,3,6
1,7,20,1,5798.24,0 2,North,4,3,6
1,7,20,1,5798.814,0 1,North,4,3,6
1,7,20,1,5799.341,0 0,North,4,3,6
1,7,20,6,5799.74,0 0,North,4,4,6
1,7,20,3,5799.888,0 1,North,4,4,6
1,7,20,3,5800.436,0 2,North,4,4,6
1,7,20,3,5800.974,0 3,North,4,4,6
1,7,20,4,5801.484,1 3,North,4,4,6
1,7,20,4,5802.032,2 3,North,4,4,6
1,7,20,3,5802.578,2 4,North,4,4,6
1,7,20,4,5803.182,3 4,North,4,4,6
1,7,20,1,5803.796,3 3,North,4,4,6
1,7,20,6,5804.2,3 3,North,4,5,6
1,7,20,3,5804.4,3 4,North,4,5,6
1,7,20,4,5805.316,4 4,North,4,5,6
1,7,20,1,5805.874,4 3,North,4,5,6
1,7,20,1,5806.403,4 2,North,4,5,6
1,7,20,6,5806.8,4 2,North,4,6,6
1,7,20,2,5806.943,3 2,North,4,6,6
1,7,20,2,5807.89,2 2,North,4,6,6
1,7,20,3,5808.486,2 3,North,4,6,6
1,7,20,2,5809.058,1 3,North,4,6,6
1,7,20,2,5809.65,0 3,North,4,6,6
1,7,20,1,5810.224,0 2,North,4,6,6
1,7,20,4,5810.788,1 2,North,4,6,6
1,7,20,6,5811.14,1 2,North,4,7,6
1,7,20,2,5858.914,0 2,North,4,7,6
1,7,20,6,5859.3,0 2,North,4,8,6
2,7,20,1,5863.526,4 4,West,4,0,0
2,7,20,3,5864.806,4 4,North,4,0,0
2,7,20,2,5866.822,3 4,North,4,0,0
2,7,20,2,5867.525,2 4,North,4,0,0
2,7,20,1,5868.149,2 4,West,4,0,0
2,7,20,2,5868.816,2 3,West,4,0,0
2,7,20,3,5869.427,2 3,North,4,0,0
2,7,20,2,5870.063,1 3,North,4,0,0
2,7,20,2,5871.618,0 3,North,4,0,0
2,7,20,1,5872.26,0 3,West,4,0,0
2,7,20,2,5872.884,0 2,West,4,0,0
2,7,20,2,5873.516,0 1,West,4,0,0
2,7,20,2,5874.062,0 0,West,4,0,0
2,7,20,6,5874.48,0 0,West,4,1,0
2,7,20,1,5874.578,0 0,South,4,1,0
2,7,20,1,5875.236,0 0,East,4,1,0
2,7,20,2,5875.922,0 1,East,4,1,0
2,7,20,2,5876.542,0 2,East,4,1,0
2,7,20,2,5877.452,0 3,East,4,1,0
2,7,20,3,5878.208,0 3,South,4,1,0
2,7,20,2,5879.025,1 3,South,4,1,0
2,7,20,2,5880.03,2 3,South,4,1,0
2,7,20,3,5880.852,2 3,West,4,1,0
2,7,20,2,5881.715,2 2,West,4,1,0
2,7,20,1,5882.479,2 2,South,4,1,0
2,7,20,2,5883.295,3 2,South,4,1,0
2,7,20,6,5883.66,3 2,South,4,2,0
2,7,20,3,5883.937,3 2,West,4,2,0
2,7,20,3,5884.907,3 2,North,4,2,0
2,7,20,2,5885.603,2 2,North,4,2,0
2,7,20,1,5886.157,2 2,West,4,2,0
2,7,20,2,5886.915,2 1,West,4,2,0
2,7,20,6,5887.32,2 1,West,4,3,0
2,7,20,3,5888.005,2 1,North,4,3,0
2,7,20,3,5888.917,2 1,East,4,3,0
2,7,20,2,5889.667,2 2,East,4,3,0
2,7,20,3,5890.432,2 2,South,4,3,0
2,7,20,2,5891.599,3 2,South,4,3,0
2,7,20,1,5892.275,3 2,East,4,3,0
2,7,20,2,5892.966,3 2,East,4,3,1
2,7,20,3,5894.368,3 2,South,4,3,1
2,7,20,2,5894.993,4 2,South,4,3,1
2,7,20,1,5895.556,4 2,East,4,3,1
2,7,20,2,5896.177,4 3,East,4,3,1
2,7,20,1,5896.754,4 3,North,4,3,1
2,7,20,2,5897.284,3 3,North,4,3,1
2,7,20,6,5897.66,3 3,North,4,4,1
2,7,20,3,5898.275,3 3,East,4,4,1
2,7,20,2,5898.848,3 4,East,4,4,1
2,7,20,1,5899.455,3 4,North,4,4,1
2,7,20,2,5899.985,2 4,North,4,4,1
2,7,20,6,5900.36,2 4,North,4,5,1
2,7,20,1,5900.564,2 4,West,4,5,1
2,7,20,2,5901.267,2 3,West,4,5,1
2,7,20,3,5902.178,2 3,North,4,5,1
2,7,20,2,5902.753,1 3,North,4,5,1
2,7,20,2,5903.365,0 3,North,4,5,1
2,7,20,1,5903.959,0 3,West,4,5,1
2,7,20,2,5904.51,0 2,West,4,5,1
2,7,20,2,5905.053,0 1,West,4,5,1
2,7,20,6,5905.46,0 1,West,4,6,1
2,7,20,1,5905.71,0 1,South,4,6,1
2,7,20,1,5906.318,0 1,East,4,6,1
2,7,20,2,5906.896,0 2,East,4,6,1
2,7,20,2,5907.716,0 3,East,4,6,1
2,7,20,3,5908.322,0 3,South,4,6,1
2,7,20,2,5908.99,1 3,South,4,6,1
2,7,20,2,5909.566,2 3,South,4,6,1
2,7,20,3,5910.835,2 3,West,4,6,1
2,7,20,2,5911.767,2 2,West,4,6,1
2,7,20,2,5912.386,2 1,West,4,6,1
2,7,20,1,5913.313,2 1,South,4,6,1
2,7,20,2,5913.904,3 1,South,4,6,1
2,7,20,3,5914.448,3 1,West,4,6,1
2,7,20,1,5915.011,3 1,South,4,6,1
2,7,20,2,5915.615,4 1,South,4,6,1
2,7,20,3,5916.131,4 1,West,4,6,1
2,7,20,2,5916.674,4 0,West,4,6,1
2,7,20,3,5917.246,4 0,North,4,6,1
2,7,20,2,5917.798,3 0,North,4,6,1
2,7,20,6,5918.18,3 0,North,4,7,1
2,7,20,2,5918.917,2 0,North,4,7,1
2,7,20,2,5919.742,1 0,North,4,7,1
2,7,20,3,5920.582,1 0,East,4,7,1
2,7,20,2,5921.184,1 1,East,4,7,1
2,7,20,3,5921.763,1 1,South,4,7,1
2,7,20,2,5922.338,2 1,South,4,7,1
2,7,20,2,5922.928,3 1,South,4,7,1
2,7,20,6,5923.3,3 1,South,4,8,1
1,7,21,2,5954.993,3 4,North,4,0,1
1,7,21,2,5955.938,2 4,North,4,0,1
1,7,21,2,5956.588,1 4,North,4,0,1
1,7,21,1,5957.2,1 3,North,4,0,1
1,7,21,2,5957.858,0 3,North,4,0,1
1,7,21,4,5958.668,1 3,North,4,0,1
1,7,21,2,5959.311,0 3,North,4,0,1
1,7,21,3,5959.973,0 4,North,4,0,1
1,7,21,6,5960.38,0 4,North,4,1,1
1,7,21,1,5960.518,0 3,North,4,1,1
1,7,21,4,5961.407,1 3,North,4,1,1
1,7,21,4,5962.019,2 3,North,4,1,1
1,7,21,1,5962.829,2 2,North,4,1,1
1,7,21,1,5969.203,2 1,North,4,1,1
1,7,21,2,5969.822,1 1,North,4,1,1
1,7,21,6,5970.2,1 1,North,4,2,1
1,7,21,4,5970.484,2 1,North,4,2,1
1,7,21,3,5971.124,2 2,North,4,2,1
1,7,21,6,5971.52,2 2,North,4,3,1
1,7,21,3,5972.275,2 3,North,4,3,1
1,7,21,2,5972.896,1 3,North,4,3,1
1,7,21,2,5973.556,0 3,North,4,3,1
1,7,21,1,5974.143,0 2,North,4,3,1
1,7,21,1,5975.021,0 1,North,4,3,1
1,7,21,6,5975.42,0 1,North,4,4,1
1,7,21,3,5975.586,0 2,North,4,4,1
1,7,21,3,5976.172,0 3,North,4,4,1
1,7,21,4,5976.804,1 3,North,4,4,1
1,7,21,4,5977.377,2 3,North,4,4,1
1,7,21,1,5977.997,2 2,North,4,4,1
1,7,21,1,5978.623,2 1,North,4,4,1
1,7,21,2,5979.236,1 1,North,4,4,1
1,7,21,1,5979.828,1 0,North,4,4,1
1,7,21,4,5980.384,2 0,North,4,4,1
1,7,21,4,5981.328,3 0,North,4,4,1
1,7,21,6,5981.68,3 0,North,4,5,1
1,7,21,4,5981.935,4 0,North,4,5,1
1,7,21,3,5982.594,4 1,North,4,5,1
1,7,21,2,5983.215,3 1,North,4,5,1
1,7,21,2,5983.746,2 1,North,4,5,1
1,7,21,3,5984.723,2 2,North,4,5,1
1,7,21,4,5985.293,3 2,North,4,5,1
1,7,21,4,5986.142,4 2,North,4,5,1
1,7,21,3,5986.735,4 3,North,4,5,1
1,7,21,6,5987.14,4 3,North,4,6,1
1,7,21,3,5987.33,4 4,North,4,6,1
1,7,21,1,5987.94,4 3,North,4,6,1
1,7,21,1,5988.525,4 2,North,4,6,1
1,7,21,2,5989.12,3 2,North,4,6,1
1,7,21,2,5989.693,2 2,North,4,6,1
1,7,21,1,5990.222,2 1,North,4,6,1
1,7,21,2,5990.836,1 1,North,4,6,1
1,7,21,1,5991.375,1 0,North,4,6,1
1,7,21,6,5991.78,1 0,North,4,7,1
1,7,21,3,5991.965,1 1,North,4,7,1
1,7,21,4,5992.518,2 1,North,4,7,1
1,7,21,3,5993.12,2 2,North,4,7,1
1,7,21,3,6011.01,2 3,North,4,7,1
1,7,21,3,6011.556,2 4,North,4,7,1
1,7,21,6,6011.96,2 4,North,4,8,1
2,7,21,1,6016.013,4 4,West,4,0,0
2,7,21,2,6016.813,4 3,West,4,0,0
2,7,21,2,6017.456,4 2,West,4,0,0
2,7,21,3,6018.067,4 2,North,4,0,0
2,7,21,2,6018.783,3 2,North,4,0,0
2,7,21,2,6020.917,2 2,North,4,0,0
2,7,21,1,6021.698,2 2,West,4,0,0
2,7,21,2,6024.133,2 1,West,4,0,0
2,7,21,3,6024.734,2 1,North,4,0,0
2,7,21,2,6025.265,1 1,North,4,0,0
2,7,21,6,6025.64,1 1,North,4,1,0
2,7,21,3,6025.809,1 1,East,4,1,0
2,7,21,3,6026.397,1 1,South,4,1,0
2,7,21,2,6027.013,2 1,South,4,1,0
2,7,21,1,6027.582,2 1,East,4,1,0
2,7,21,2,6028.108,2 2,East,4,1,0
2,7,21,6,6028.52,2 2,East,4,2,0
2,7,21,2,6031.074,2 3,East,4,2,0
2,7,21,1,6031.823,2 3,North,4,2,0
2,7,21,1,6032.962,2 3,West,4,2,0
2,7,21,2,6034.193,2 2,West,4,2,0
2,7,21,2,6034.829,2 1,West,4,2,0
2,7,21,1,6035.52,2 1,South,4,2,0
2,7,21,2,6036.132,3 1,South,4,2,0
2,7,21,2,6036.804,4 1,South,4,2,0
2,7,21,3,6037.381,4 1,West,4,2,0
2,7,21,2,6038.012,4 0,West,4,2,0
2,7,21,3,6038.641,4 0,North,4,2,0
2,7,21,2,6039.246,3 0,North,4,2,0
2,7,21,6,6039.62,3 0,North,4,3,0
2,7,21,2,6039.764,2 0,North,4,3,0
2,7,21,2,6040.366,1 0,North,4,3,0
2,7,21,3,6040.974,1 0,East,4,3,0
2,7,21,2,6041.603,1 1,East,4,3,0
2,7,21,3,6042.242,1 1,South,4,3,0
2,7,21,2,6042.869,2 1,South,4,3,0
2,7,21,1,6043.505,2 1,East,4,3,0
2,7,21,2,6044.143,2 2,East,4,3,0
2,7,21,1,6044.767,2 2,North,4,3,0
2,7,21,2,6046.209,2 2,North,4,3,1
2,7,21,3,6046.836,2 2,East,4,3,1
2,7,21,2,6047.437,2 3,East,4,3,1
2,7,21,1,6048,2 3,North,4,3,1
2,7,21,2,6048.512,1 3,North,4,3,1
2,7,21,2,6049.092,0 3,North,4,3,1
2,7,21,3,6049.649,0 3,East,4,3,1
2,7,21,2,6050.192,0 4,East,4,3,1
2,7,21,6,6050.6,0 4,East,4,4,1
2,7,21,3,6050.704,0 4,South,4,4,1
2,7,21,3,6051.36,0 4,West,4,4,1
2,7,21,2,6052.021,0 3,West,4,4,1
2,7,21,1,6052.702,0 3,South,4,4,1
2,7,21,2,6053.349,1 3,South,4,4,1
2,7,21,2,6053.963,2 3,South,4,4,1
2,7,21,3,6054.625,2 3,West,4,4,1
2,7,21,2,6055.181,2 2,West,4,4,1
2,7,21,1,6055.749,2 2,South,4,4,1
2,7,21,2,6056.352,3 2,South,4,4,1
2,7,21,2,6057.153,4 2,South,4,4,1
2,7,21,1,6058.038,4 2,East,4,4,1
2,7,21,2,6058.67,4 3,East,4,4,1
2,7,21,6,6059.08,4 3,East,4,5,1
2,7,21,1,6059.239,4 3,North,4,5,1
2,7,21,1,6059.872,4 3,West,4,5,1
2,7,21,2,6060.591,4 2,West,4,5,1
2,7,21,3,6061.246,4 2,North,4,5,1
2,7,21,2,6061.925,3 2,North,4,5,1
2,7,21,2,6062.685,2 2,North,4,5,1
2,7,21,3,6063.35,2 2,East,4,5,1
2,7,21,2,6063.988,2 3,East,4,5,1
2,7,21,1,6064.581,2 3,North,4,5,1
2,7,21,2,6065.249,1 3,North,4,5,1
2,7,21,2,6065.811,0 3,North,4,5,1
2,7,21,1,6066.352,0 3,West,4,5,1
2,7,21,2,6066.917,0 2,West,4,5,1
2,7,21,6,6067.32,0 2,West,4,6,1
2,7,21,1,6067.734,0 2,South,4,6,1
2,7,21,1,6068.341,0 2,East,4,6,1
2,7,21,2,6069.009,0 3,East,4,6,1
2,7,21,3,6069.617,0 3,South,4,6,1
2,7,21,2,6070.209,1 3,South,4,6,1
2,7,21,2,6072.149,2 3,South,4,6,1
2,7,21,3,6072.788,2 3,West,4,6,1
2,7,21,2,6073.424,2 2,West,4,6,1
2,7,21,2,6075.824,2 1,West,4,6,1
2,7,21,2,6076.483,2 1,West,4,6,2
2,7,21,1,6076.959,2 1,South,4,6,2
2,7,21,2,6077.536,3 1,South,4,6,2
2,7,21,2,6078.128,4 1,South,4,6,2
2,7,21,3,6078.687,4 1,West,4,6,2
2,7,21,2,6079.22,4 0,West,4,6,2
2,7,21,6,6079.62,4 0,West,4,7,2
2,7,21,3,6080.176,4 0,North,4,7,2
2,7,21,3,6081.246,4 0,East,4,7,2
2,7,21,2,6081.917,4 1,East,4,7,2
2,7,21,1,6082.511,4 1,North,4,7,2
2,7,21,2,6083.071,3 1,North,4,7,2
2,7,21,2,6083.678,2 1,North,4,7,2
2,7,21,3,6084.387,2 1,East,4,7,2
2,7,21,2,6084.975,2 2,East,4,7,2
2,7,21,2,6085.552,2 3,East,4,7,2
2,7,21,6,6085.96,2 3,East,4,8,2
1,8,22,2,6089.409,3 4,North,4,0,2
1,8,22,2,6090.205,2 4,North,4,0,2
1,8,22,2,6090.77,1 4,North,4,0,2
1,8,22,1,6091.345,1 3,North,4,0,2
1,8,22,2,6091.903,0 3,North,4,0,2
1,8,22,6,6092.28,0 3,North,4,1,2
1,8,22,1,6092.612,0 2,North,4,1,2
1,8,22,3,6093.524,0 3,North,4,1,2
1,8,22,4,6094.212,1 3,North,4,1,2
1,8,22,4,6094.805,2 3,North,4,1,2
1,8,22,1,6095.475,2 2,North,4,1,2
1,8,22,1,6096.076,2 1,North,4,1,2
1,8,22,2,6096.715,1 1,North,4,1,2
1,8,22,6,6097.1,1 1,North,4,2,2
1,8,22,4,6097.492,2 1,North,4,2,2
1,8,22,3,6098.208,2 2,North,4,2,2
1,8,22,4,6098.782,3 2,North,4,2,2
1,8,22,4,6099.376,4 2,North,4,2,2
1,8,22,3,6100,4 3,North,4,2,2
1,8,22,6,6100.4,4 3,North,4,3,2
1,8,22,3,6100.585,4 4,North,4,3,2
1,8,22,1,6101.201,4 3,North,4,3,2
1,8,22,1,6101.793,4 2,North,4,3,2
1,8,22,2,6102.464,3 2,North,4,3,2
1,8,22,2,6103.103,2 2,North,4,3,2
1,8,22,1,6103.62,2 1,North,4,3,2
1,8,22,6,6104.02,2 1,North,4,4,2
1,8,22,3,6104.301,2 2,North,4,4,2
1,8,22,1,6105.136,2 1,North,4,4,2
1,8,22,4,6105.748,3 1,North,4,4,2
1,8,22,4,6106.353,4 1,North,4,4,2
1,8,22,1,6106.91,4 0,North,4,4,2
1,8,22,6,6107.32,4 0,North,4,5,2
1,8,22,3,6107.572,4 1,North,4,5,2
1,8,22,2,6108.24,3 1,North,4,5,2
1,8,22,2,6108.975,2 1,North,4,5,2
1,8,22,3,6109.553,2 2,North,4,5,2
1,8,22,3,6110.108,2 3,North,4,5,2
1,8,22,2,6110.815,1 3,North,4,5,2
1,8,22,2,6111.425,0 3,North,4,5,2
1,8,22,1,6112.259,0 2,North,4,5,2
1,8,22,1,6112.86,0 1,North,4,5,2
1,8,22,6,6113.26,0 1,North,4,6,2
1,8,22,3,6113.568,0 2,North,4,6,2
1,8,22,3,6114.142,0 3,North,4,6,2
1,8,22,4,6115.152,1 3,North,4,6,2
1,8,22,4,6115.717,2 3,North,4,6,2
1,8,22,1,6116.687,2 2,North,4,6,2
1,8,22,1,6117.31,2 1,North,4,6,2
1,8,22,2,6117.923,1 1,North,4,6,2
1,8,22,1,6118.449,1 0,North,4,6,2
1,8,22,4,6119.025,2 0,North,4,6,2
1,8,22,6,6119.38,2 0,North,4,7,2
1,8,22,2,6149.773,1 0,North,4,7,2
1,8,22,3,6150.355,1 1,North,4,7,2
1,8,22,4,6150.974,2 1,North,4,7,2
1,8,22,3,6151.55,2 2,North,4,7,2
1,8,22,3,6152.069,2 3,North,4,7,2
1,8,22,2,6152.671,1 3,North,4,7,2
1,8,22,2,6153.632,0 3,North,4,7,2
1,8,22,1,6154.189,0 2,North,4,7,2
1,8,22,4,6154.707,1 2,North,4,7,2
1,8,22,6,6155.06,1 2,North,4,8,2
2,8,22,1,6158.271,4 4,West,4,0,0
2,8,22,2,6160.224,4 3,West,4,0,0
2,8,22,2,6160.834,4 2,West,4,0,0
2,8,22,3,6161.472,4 2,North,4,0,0
2,8,22,2,6162.113,3 2,North,4,0,0
2,8,22,2,6163.332,2 2,North,4,0,0
2,8,22,1,6163.908,2 2,West,4,0,0
2,8,22,2,6164.595,2 1,West,4,0,0
2,8,22,6,6165,2 1,West,4,1,0
2,8,22,3,6165.143,2 1,North,4,1,0
2,8,22,3,6165.739,2 1,East,4,1,0
2,8,22,2,6166.366,2 2,East,4,1,0
2,8,22,3,6166.923,2 2,South,4,1,0
2,8,22,3,6168.276,2 2,West,4,1,0
2,8,22,2,6168.944,2 1,West,4,1,0
2,8,22,1,6169.555,2 1,South,4,1,0
2,8,22,2,6170.098,3 1,South,4,1,0
2,8,22,2,6170.624,4 1,South,4,1,0
2,8,22,3,6171.169,4 1,West,4,1,0
2,8,22,2,6171.763,4 0,West,4,1,0
2,8,22,6,6172.18,4 0,West,4,2,0
2,8,22,3,6172.331,4 0,North,4,2,0
2,8,22,2,6173.44,3 0,North,4,2,0
2,8,22,2,6174.014,2 0,North,4,2,0
2,8,22,2,6174.621,1 0,North,4,2,0
2,8,22,3,6175.247,1 0,East,4,2,0
2,8,22,2,6175.86,1 1,East,4,2,0
2,8,22,6,6176.28,1 1,East,4,3,0
2,8,22,3,6176.401,1 1,South,4,3,0
2,8,22,3,6177.664,1 1,West,4,3,0
2,8,22,2,6178.306,1 0,West,4,3,0
2,8,22,1,6178.885,1 0,South,4,3,0
2,8,22,2,6179.408,2 0,South,4,3,0
2,8,22,6,6179.78,2 0,South,4,4,0
2,8,22,1,6180.005,2 0,East,4,4,0
2,8,22,1,6180.614,2 0,North,4,4,0
2,8,22,2,6181.233,1 0,North,4,4,0
2,8,22,3,6181.839,1 0,East,4,4,0
2,8,22,2,6182.45,1 1,East,4,4,0
2,8,22,3,6182.978,1 1,South,4,4,0
2,8,22,2,6183.528,2 1,South,4,4,0
2,8,22,1,6184.094,2 1,East,4,4,0
2,8,22,2,6184.688,2 2,East,4,4,0
2,8,22,2,6185.286,2 3,East,4,4,0
2,8,22,1,6186.086,2 3,North,4,4,0
2,8,22,2,6188.53,1 3,North,4,4,0
2,8,22,2,6189.188,0 3,North,4,4,0
2,8,22,1,6189.729,0 3,West,4,4,0
2,8,22,2,6190.289,0 2,West,4,4,0
2,8,22,2,6190.864,0 1,West,4,4,0
2,8,22,6,6191.28,0 1,West,4,5,0
2,8,22,1,6191.789,0 1,South,4,5,0
2,8,22,1,6192.382,0 1,East,4,5,0
2,8,22,2,6193.121,0 2,East,4,5,0
2,8,22,3,6194.383,0 2,South,4,5,0
2,8,22,2,6195.586,1 2,South,4,5,0
2,8,22,6,6195.96,1 2,South,4,6,0
2,8,22,1,6196.147,1 2,East,4,6,0
2,8,22,1,6196.771,1 2,North,4,6,0
2,8,22,2,6197.413,0 2,North,4,6,0
2,8,22,3,6197.986,0 2,East,4,6,0
2,8,22,2,6198.529,0 3,East,4,6,0
2,8,22,3,6199.106,0 3,South,4,6,0
2,8,22,2,6199.698,1 3,South,4,6,0
2,8,22,2,6200.333,2 3,South,4,6,0
2,8,22,1,6201.078,2 3,East,4,6,0
2,8,22,2,6201.731,2 4,East,4,6,0
2,8,22,3,6202.645,2 4,South,4,6,0
2,8,22,2,6203.218,3 4,South,4,6,0
2,8,22,3,6203.745,3 4,West,4,6,0
2,8,22,2,6204.288,3 3,West,4,6,0
2,8,22,6,6204.7,3 3,West,4,7,0
2,8,22,1,6205.094,3 3,South,4,7,0
2,8,22,2,6205.809,4 3,South,4,7,0
2,8,22,3,6206.354,4 3,West,4,7,0
2,8,22,2,6206.879,4 2,West,4,7,0
2,8,22,6,6207.3,4 2,West,4,8,0
1,8,23,2,6225.377,3 4,North,4,0,0
1,8,23,2,6226.148,2 4,North,4,0,0
1,8,23,2,6226.768,1 4,North,4,0,0
1,8,23,1,6227.493,1 3,North,4,0,0
1,8,23,2,6228.084,0 3,North,4,0,0
1,8,23,3,6228.657,0 4,North,4,0,0
1,8,23,6,6229.06,0 4,North,4,1,0
1,8,23,1,6229.196,0 3,North,4,1,0
1,8,23,4,6229.743,1 3,North,4,1,0
1,8,23,4,6230.307,2 3,North,4,1,0
1,8,23,1,6230.88,2 2,North,4,1,0
1,8,23,6,6231.28,2 2,North,4,2,0
1,8,23,1,6231.408,2 1,North,4,2,0
1,8,23,4,6231.953,3 1,North,4,2,0
1,8,23,6,6232.32,3 1,North,4,3,0
1,8,23,4,6232.578,4 1,North,4,3,0
1,8,23,2,6233.267,3 1,North,4,3,0
1,8,23,2,6233.877,2 1,North,4,3,0
1,8,23,3,6234.412,2 2,North,4,3,0
1,8,23,3,6234.996,2 3,North,4,3,0
1,8,23,3,6235.618,2 4,North,4,3,0
1,8,23,6,6236.02,2 4,North,4,4,0
1,8,23,4,6236.164,3 4,North,4,4,0
1,8,23,4,6236.738,4 4,North,4,4,0
1,8,23,1,6237.314,4 3,North,4,4,0
1,8,23,1,6237.87,4 2,North,4,4,0
1,8,23,2,6238.46,3 2,North,4,4,0
1,8,23,6,6238.84,3 2,North,4,5,0
1,8,23,2,6239.009,2 2,North,4,5,0
1,8,23,3,6239.581,2 3,North,4,5,0
1,8,23,2,6240.129,1 3,North,4,5,0
1,8,23,6,6240.52,1 3,North,4,6,0
1,8,23,2,6240.723,0 3,North,4,6,0
1,8,23,4,6241.264,1 3,North,4,6,0
1,8,23,4,6241.808,2 3,North,4,6,0
1,8,23,3,6242.334,2 4,North,4,6,0
1,8,23,4,6242.945,3 4,North,4,6,0
1,8,23,6,6243.3,3 4,North,4,7,0
1,8,23,4,6243.539,4 4,North,4,7,0
1,8,23,1,6244.195,4 3,North,4,7,0
1,8,23,2,6256.671,3 3,North,4,7,0
1,8,23,6,6257.06,3 3,North,4,8,0
2,8,23,1,6260.638,4 4,West,4,0,0
2,8,23,3,6261.196,4 4,North,4,0,0
2,8,23,2,6262.242,3 4,North,4,0,0
2,8,23,2,6262.774,2 4,North,4,0,0
2,8,23,6,6263.16,2 4,North,4,1,0
2,8,23,1,6263.781,2 4,West,4,1,0
2,8,23,1,6265.06,2 4,South,4,1,0
2,8,23,2,6265.745,3 4,South,4,1,0
2,8,23,3,6266.35,3 4,West,4,1,0
2,8,23,2,6266.96,3 3,West,4,1,0
2,8,23,6,6267.36,3 3,West,4,2,0
2,8,23,1,6267.518,3 3,South,4,2,0
2,8,23,2,6268.101,4 3,South,4,2,0
2,8,23,3,6268.646,4 3,West,4,2,0
2,8,23,2,6269.185,4 2,West,4,2,0
2,8,23,3,6269.73,4 2,North,4,2,0
2,8,23,2,6270.288,3 2,North,4,2,0
2,8,23,2,6270.819,2 2,North,4,2,0
2,8,23,6,6271.2,2 2,North,4,3,0
2,8,23,1,6271.376,2 2,West,4,3,0
2,8,23,1,6272.476,2 2,South,4,3,0
2,8,23,1,6273.026,2 2,East,4,3,0
2,8,23,2,6274.099,2 3,East,4,3,0
2,8,23,2,6275.024,2 4,East,4,3,0
2,8,23,3,6275.7,2 4,South,4,3,0
2,8,23,2,6276.256,3 4,South,4,3,0
2,8,23,6,6276.64,3 4,South,4,4,0
2,8,23,3,6276.765,3 4,West,4,4,0
2,8,23,1,6277.33,3 4,South,4,4,0
2,8,23,2,6277.955,4 4,South,4,4,0
2,8,23,3,6278.495,4 4,West,4,4,0
2,8,23,2,6279.062,4 3,West,4,4,0
2,8,23,6,6279.48,4 3,West,4,5,0
2,8,23,2,6279.596,4 2,West,4,5,0
2,8,23,3,6280.243,4 2,North,4,5,0
2,8,23,2,6280.784,3 2,North,4,5,0
2,8,23,1,6281.614,3 2,West,4,5,0
2,8,23,3,6282.967,3 2,North,4,5,0
2,8,23,2,6283.552,2 2,North,4,5,0
2,8,23,1,6284.081,2 2,West,4,5,0
2,8,23,2,6284.67,2 1,West,4,5,0
2,8,23,1,6285.204,2 1,South,4,5,0
2,8,23,2,6285.731,3 1,South,4,5,0
2,8,23,6,6286.1,3 1,South,4,6,0
2,8,23,3,6286.286,3 1,West,4,6,0
2,8,23,3,6286.867,3 1,North,4,6,0
2,8,23,2,6287.487,2 1,North,4,6,0
2,8,23,3,6288.018,2 1,East,4,6,0
2,8,23,2,6288.577,2 2,East,4,6,0
2,8,23,2,6290.142,2 3,East,4,6,0
2,8,23,1,6290.733,2 3,North,4,6,0
2,8,23,2,6291.279,1 3,North,4,6,0
2,8,23,6,6291.66,1 3,North,4,7,0
2,8,23,2,6292.239,0 3,North,4,7,0
2,8,23,6,6292.62,0 3,North,4,8,0
1,8,24,1,6296.077,4 3,North,4,0,0
1,8,24,1,6296.595,4 2,North,4,0,0
1,8,24,6,6297,4 2,North,4,1,0
1,8,24,2,6297.117,3 2,North,4,1,0
1,8,24,2,6297.636,2 2,North,4,1,0
1,8,24,3,6298.173,2 3,North,4,1,0
1,8,24,6,6298.58,2 3,North,4,2,0
1,8,24,2,6298.705,1 3,North,4,2,0
1,8,24,2,6299.269,0 3,North,4,2,0
1,8,24,1,6299.795,0 2,North,4,2,0
1,8,24,1,6300.325,0 1,North,4,2,0
1,8,24,1,6301.231,0 0,North,4,2,0
1,8,24,6,6301.64,0 0,North,4,3,0
1,8,24,3,6301.749,0 1,North,4,3,0
1,8,24,3,6302.611,0 2,North,4,3,0
1,8,24,3,6303.14,0 3,North,4,3,0
1,8,24,4,6303.694,1 3,North,4,3,0
1,8,24,4,6304.562,2 3,North,4,3,0
1,8,24,1,6305.102,2 2,North,4,3,0
1,8,24,1,6305.619,2 1,North,4,3,0
1,8,24,4,6306.418,3 1,North,4,3,0
1,8,24,4,6307.284,4 1,North,4,3,0
1,8,24,6,6307.64,4 1,North,4,4,0
1,8,24,1,6308.268,4 0,North,4,4,0
1,8,24,2,6308.815,3 0,North,4,4,0
1,8,24,6,6309.2,3 0,North,4,5,0
1,8,24,2,6309.684,2 0,North,4,5,0
1,8,24,2,6310.205,1 0,North,4,5,0
1,8,24,3,6310.845,1 1,North,4,5,0
1,8,24,4,6311.364,2 1,North,4,5,0
1,8,24,3,6311.889,2 2,North,4,5,0
1,8,24,3,6312.431,2 3,North,4,5,0
1,8,24,2,6312.948,1 3,North,4,5,0
1,8,24,2,6313.843,0 3,North,4,5,0
1,8,24,1,6314.4,0 2,North,4,5,0
1,8,24,6,6314.8,0 2,North,4,6,0
1,8,24,3,6314.94,0 3,North,4,6,0
1,8,24,4,6315.506,1 3,North,4,6,0
1,8,24,4,6316.422,2 3,North,4,6,0
1,8,24,1,6317.012,2 2,North,4,6,0
1,8,24,1,6317.533,2 1,North,4,6,0
1,8,24,2,6318.192,1 1,North,4,6,0
1,8,24,1,6318.757,1 0,North,4,6,0
1,8,24,6,6319.16,1 0,North,4,7,0
1,8,24,3,6319.297,1 1,North,4,7,0
1,8,24,4,6319.854,2 1,North,4,7,0
1,8,24,3,6320.446,2 2,North,4,7,0
1,8,24,3,6324.35,2 3,North,4,7,0
1,8,24,3,6324.945,2 4,North,4,7,0
1,8,24,2,6325.501,1 4,North,4,7,0
1,8,24,6,6325.88,1 4,North,4,8,0
2,8,24,1,6329.078,4 4,West,4,0,0
2,8,24,2,6329.988,4 3,West,4,0,0
2,8,24,2,6330.689,4 2,West,4,0,0
2,8,24,3,6331.296,4 2,North,4,0,0
2,8,24,2,6331.892,3 2,North,4,0,0
2,8,24,1,6332.452,3 2,West,4,0,0
2,8,24,3,6333.126,3 2,North,4,0,0
2,8,24,2,6333.692,2 2,North,4,0,0
2,8,24,1,6334.278,2 2,West,4,0,0
2,8,24,2,6334.994,2 1,West,4,0,0
2,8,24,1,6335.519,2 1,South,4,0,0
2,8,24,2,6336.062,3 1,South,4,0,0
2,8,24,2,6336.606,4 1,South,4,0,0
2,8,24,3,6337.597,4 1,West,4,0,0
2,8,24,2,6338.182,4 0,West,4,0,0
2,8,24,3,6338.731,4 0,North,4,0,0
2,8,24,2,6339.269,3 0,North,4,0,0
2,8,24,6,6339.66,3 0,North,4,1,0
2,8,24,3,6340.526,3 0,East,4,1,0
2,8,24,3,6341.183,3 0,South,4,1,0
2,8,24,2,6341.789,4 0,South,4,1,0
2,8,24,1,6342.675,4 0,East,4,1,0
2,8,24,2,6343.318,4 1,East,4,1,0
2,8,24,1,6343.852,4 1,North,4,1,0
2,8,24,2,6344.482,3 1,North,4,1,0
2,8,24,2,6345.425,2 1,North,4,1,0
2,8,24,3,6346.063,2 1,East,4,1,0
2,8,24,2,6347.01,2 2,East,4,1,0
2,8,24,2,6348.322,2 3,East,4,1,0
2,8,24,6,6348.74,2 3,East,4,2,0
2,8,24,1,6348.847,2 3,North,4,2,0
2,8,24,1,6349.839,2 3,West,4,2,0
2,8,24,1,6350.451,2 3,South,4,2,0
2,8,24,3,6352.1,2 3,West,4,2,0
2,8,24,2,6352.94,2 2,West,4,2,0
2,8,24,1,6353.726,2 2,South,4,2,0
2,8,24,2,6354.276,3 2,South,4,2,0
2,8,24,2,6354.948,4 2,South,4,2,0
2,8,24,3,6355.524,4 2,West,4,2,0
2,8,24,2,6356.162,4 2,West,4,2,1
2,8,24,3,6356.71,4 2,North,4,2,1
2,8,24,2,6357.329,3 2,North,4,2,1
2,8,24,2,6357.856,2 2,North,4,2,1
2,8,24,1,6358.788,2 2,West,4,2,1
2,8,24,2,6359.46,2 1,West,4,2,1
2,8,24,1,6360.003,2 1,South,4,2,1
2,8,24,2,6360.593,3 1,South,4,2,1
2,8,24,2,6361.125,4 1,South,4,2,1
2,8,24,6,6361.5,4 1,South,4,3,1
2,8,24,1,6362.067,4 1,East,4,3,1
2,8,24,1,6362.661,4 1,North,4,3,1
2,8,24,2,6363.277,3 1,North,4,3,1
2,8,24,2,6363.893,2 1,North,4,3,1
2,8,24,3,6364.48,2 1,East,4,3,1
2,8,24,2,6365.076,2 2,East,4,3,1
2,8,24,2,6365.715,2 3,East,4,3,1
2,8,24,1,6366.374,2 3,North,4,3,1
2,8,24,2,6367.109,1 3,North,4,3,1
2,8,24,2,6367.748,0 3,North,4,3,1
2,8,24,1,6368.661,0 3,West,4,3,1
2,8,24,2,6369.283,0 2,West,4,3,1
2,8,24,6,6369.7,0 2,West,4,4,1
2,8,24,1,6369.872,0 2,South,4,4,1
2,8,24,1,6370.468,0 2,East,4,4,1
2,8,24,2,6371.134,0 3,East,4,4,1
2,8,24,3,6371.809,0 3,South,4,4,1
2,8,24,2,6372.402,1 3,South,4,4,1
2,8,24,1,6372.941,1 3,East,4,4,1
2,8,24,2,6373.584,1 4,East,4,4,1
2,8,24,6,6374,1 4,East,4,5,1
2,8,24,3,6374.115,1 4,South,4,5,1
2,8,24,3,6374.656,1 4,West,4,5,1
2,8,24,2,6375.269,1 3,West,4,5,1
2,8,24,2,6376.019,1 3,West,4,5,2
2,8,24,1,6376.562,1 3,South,4,5,2
2,8,24,2,6377.155,2 3,South,4,5,2
2,8,24,3,6378.52,2 3,West,4,5,2
2,8,24,2,6379.105,2 2,West,4,5,2
2,8,24,1,6379.652,2 2,South,4,5,2
2,8,24,2,6380.21,3 2,South,4,5,2
2,8,24,6,6380.58,3 2,South,4,6,2
2,8,24,3,6380.757,3 2,West,4,6,2
2,8,24,3,6381.286,3 2,North,4,6,2
2,8,24,2,6382.115,2 2,North,4,6,2
2,8,24,1,6382.691,2 2,West,4,6,2
2,8,24,2,6383.682,2 1,West,4,6,2
2,8,24,3,6384.194,2 1,North,4,6,2
2,8,24,2,6384.735,1 1,North,4,6,2
2,8,24,1,6386.359,1 1,West,4,6,2
2,8,24,1,6386.98,1 1,South,4,6,2
2,8,24,2,6387.62,2 1,South,4,6,2
2,8,24,1,6388.276,2 1,East,4,6,2
2,8,24,2,6389.264,2 2,East,4,6,2
2,8,24,1,6390.107,2 2,North,4,6,2
2,8,24,2,6390.817,2 2,North,4,6,3
2,8,24,3,6391.406,2 2,East,4,6,3
2,8,24,2,6391.989,2 3,East,4,6,3
2,8,24,1,6392.82,2 3,North,4,6,3
2,8,24,2,6393.414,1 3,North,4,6,3
2,8,24,2,6394.015,0 3,North,4,6,3
2,8,24,1,6394.628,0 3,West,4,6,3
2,8,24,2,6395.199,0 2,West,4,6,3
2,8,24,2,6395.763,0 1,West,4,6,3
2,8,24,2,6396.303,0 0,West,4,6,3
2,8,24,6,6396.72,0 0,West,4,7,3
2,8,24,1,6396.882,0 0,South,4,7,3
2,8,24,1,6397.477,0 0,East,4,7,3
2,8,24,2,6398.067,0 1,East,4,7,3
2,8,24,2,6398.641,0 2,East,4,7,3
2,8,24,2,6399.265,0 3,East,4,7,3
2,8,24,3,6399.903,0 3,South,4,7,3
2,8,24,2,6400.527,1 3,South,4,7,3
2,8,24,2,6401.184,2 3,South,4,7,3
2,8,24,3,6402.15,2 3,West,4,7,3
2,8,24,1,6403.061,2 3,South,4,7,3
2,8,24,3,6404.685,2 3,West,4,7,3
2,8,24,2,6405.345,2 2,West,4,7,3
2,8,24,1,6405.926,2 2,South,4,7,3
2,8,24,2,6406.525,3 2,South,4,7,3
2,8,24,2,6407.086,4 2,South,4,7,3
2,8,24,6,6407.46,4 2,South,4,8,3
